TIME,I_L,J_L,I_R,J_R,i_a,j_a,r_a
0.0,675.5,330.5,665.5,300.5,712.5,358.5,348.0
0.0333303333333333,676.5,330.5,664.5,300.5,712.5,358.5,348.0
0.0666606666666666,677.5,329.5,665.5,299.5,712.5,358.5,348.0
0.0999909999999999,677.5,328.5,665.5,299.5,712.5,358.5,348.0
0.1333213333333333,678.5,327.5,665.5,299.5,712.5,358.5,348.0
0.1666516666666666,679.5,326.5,665.5,298.5,712.5,358.5,348.0
0.1999819999999999,680.5,326.5,665.5,298.5,712.5,358.5,348.0
0.2333123333333333,681.5,325.5,665.5,298.5,712.5,358.5,348.0
0.2666426666666666,681.5,324.5,665.5,297.5,712.5,358.5,348.0
0.2999729999999999,682.5,324.5,666.5,296.5,712.5,358.5,348.0
0.3333033333333333,683.5,323.5,666.5,296.5,712.5,358.5,348.0
0.3666336666666666,683.5,322.5,666.5,295.5,712.5,358.5,348.0
0.3999639999999999,684.5,321.5,666.5,295.5,712.5,358.5,348.0
0.4332943333333333,685.5,320.5,666.5,294.5,712.5,358.5,348.0
0.4666246666666666,685.5,319.5,666.5,294.5,712.5,358.5,348.0
0.4999549999999999,686.5,318.5,666.5,293.5,712.5,358.5,348.0
0.5332853333333333,686.5,317.5,666.5,293.5,712.5,358.5,348.0
0.5666156666666665,687.5,316.5,666.5,293.5,712.5,358.5,348.0
0.5999459999999999,688.5,315.5,666.5,292.5,712.5,358.5,348.0
0.6332763333333332,688.5,315.5,666.5,292.5,712.5,358.5,348.0
0.6666066666666666,689.5,314.5,666.5,291.5,712.5,358.5,348.0
0.6999369999999999,689.5,313.5,667.5,291.5,712.5,358.5,348.0
0.7332673333333332,690.5,312.5,667.5,290.5,712.5,358.5,348.0
0.7665976666666665,690.5,310.5,666.5,290.5,712.5,358.5,348.0
0.7999279999999999,691.5,310.5,666.5,289.5,712.5,358.5,348.0
0.8332583333333332,691.5,308.5,666.5,289.5,712.5,358.5,348.0
0.8665886666666666,691.5,307.5,666.5,288.5,712.5,358.5,348.0
0.8999189999999998,692.5,306.5,666.5,288.5,712.5,358.5,348.0
0.9332493333333332,692.5,305.5,666.5,287.5,712.5,358.5,348.0
0.9665796666666664,692.5,304.5,666.5,286.5,712.5,358.5,348.0
0.99991,692.5,303.5,666.5,286.5,712.5,358.5,348.0
1.033240333333333,693.5,302.5,666.5,285.5,712.5,358.5,348.0
1.0665706666666666,693.5,300.5,666.5,284.5,712.5,358.5,348.0
1.0999009999999998,693.5,299.5,665.5,284.5,712.5,358.5,348.0
1.133231333333333,694.5,298.5,665.5,284.5,712.5,358.5,348.0
1.1665616666666665,694.5,297.5,665.5,283.5,712.5,358.5,348.0
1.1998919999999995,694.5,296.5,665.5,283.5,712.5,358.5,348.0
1.2332223333333332,694.5,295.5,665.5,282.5,712.5,358.5,348.0
1.2665526666666664,694.5,293.5,664.5,281.5,712.5,358.5,348.0
1.2998829999999997,694.5,292.5,664.5,281.5,712.5,358.5,348.0
1.3332133333333331,694.5,291.5,664.5,280.5,712.5,358.5,348.0
1.3665436666666664,694.5,289.5,663.5,280.5,712.5,358.5,348.0
1.3998739999999998,694.5,288.5,663.5,279.5,712.5,358.5,348.0
1.433204333333333,693.5,287.5,663.5,279.5,712.5,358.5,348.0
1.4665346666666663,693.5,286.5,662.5,278.5,712.5,358.5,348.0
1.4998649999999998,693.5,285.5,662.5,278.5,712.5,358.5,348.0
1.533195333333333,693.5,283.5,662.5,277.5,712.5,358.5,348.0
1.5665256666666665,693.5,282.5,661.5,277.5,712.5,358.5,348.0
1.5998559999999995,692.5,281.5,661.5,276.5,712.5,358.5,348.0
1.633186333333333,692.5,280.5,661.5,276.5,712.5,358.5,348.0
1.6665166666666664,692.5,278.5,660.5,275.5,712.5,358.5,348.0
1.6998469999999997,691.5,278.5,660.5,274.5,712.5,358.5,348.0
1.7331773333333331,691.5,276.5,660.5,274.5,712.5,358.5,348.0
1.7665076666666664,691.5,275.5,659.5,274.5,712.5,358.5,348.0
1.7998379999999996,690.5,274.5,659.5,273.5,712.5,358.5,348.0
1.833168333333333,690.5,273.5,659.5,273.5,712.5,358.5,348.0
1.8664986666666663,690.5,272.5,658.5,273.5,712.5,358.5,348.0
1.899829,689.5,270.5,658.5,272.5,712.5,358.5,348.0
1.933159333333333,689.5,270.5,658.5,272.5,712.5,358.5,348.0
1.9664896666666665,689.5,269.5,657.5,272.5,712.5,358.5,348.0
1.99982,689.5,269.5,657.5,272.5,712.5,358.5,348.0
2.033150333333333,689.5,269.5,657.5,271.5,712.5,358.5,348.0
2.066480666666666,689.5,269.5,657.5,271.5,712.5,358.5,348.0
2.0998109999999994,689.5,269.5,657.5,271.5,712.5,358.5,348.0
2.133141333333333,689.5,269.5,657.5,271.5,712.5,358.5,348.0
2.1664716666666664,689.5,269.5,657.5,271.5,712.5,358.5,348.0
2.199802,689.5,268.5,657.5,271.5,712.5,358.5,348.0
2.233132333333333,689.5,268.5,657.5,271.5,712.5,358.5,348.0
2.266462666666666,689.5,268.5,657.5,270.5,712.5,358.5,348.0
2.299793,689.5,268.5,657.5,270.5,712.5,358.5,348.0
2.333123333333333,689.5,268.5,657.5,269.5,712.5,358.5,348.0
2.3664536666666662,689.5,268.5,657.5,269.5,712.5,358.5,348.0
2.3997839999999995,689.5,268.5,658.5,268.5,712.5,358.5,348.0
2.4331143333333327,689.5,267.5,657.5,267.5,712.5,358.5,348.0
2.4664446666666664,690.5,267.5,658.5,266.5,712.5,358.5,348.0
2.499775,690.5,267.5,658.5,266.5,712.5,358.5,348.0
2.533105333333333,690.5,267.5,658.5,265.5,712.5,358.5,348.0
2.566435666666666,690.5,267.5,658.5,264.5,712.5,358.5,348.0
2.599766,690.5,267.5,658.5,263.5,712.5,358.5,348.0
2.633096333333333,690.5,267.5,659.5,262.5,712.5,358.5,348.0
2.6664266666666663,690.5,267.5,659.5,261.5,712.5,358.5,348.0
2.6997569999999995,690.5,267.5,659.5,260.5,712.5,358.5,348.0
2.7330873333333328,690.5,267.5,659.5,259.5,712.5,358.5,348.0
2.766417666666666,691.5,267.5,660.5,258.5,712.5,358.5,348.0
2.799748,691.5,266.5,660.5,258.5,712.5,358.5,348.0
2.833078333333333,691.5,267.5,660.5,257.5,712.5,358.5,348.0
2.866408666666666,691.5,267.5,661.5,256.5,712.5,358.5,348.0
2.8997389999999994,691.5,266.5,661.5,255.5,712.5,358.5,348.0
2.9330693333333326,691.5,266.5,662.5,254.5,712.5,358.5,348.0
2.9663996666666663,692.5,266.5,662.5,254.5,712.5,358.5,348.0
2.99973,691.5,266.5,663.5,253.5,712.5,358.5,348.0
3.033060333333333,692.5,266.5,663.5,252.5,712.5,358.5,348.0
3.066390666666666,692.5,266.5,664.5,251.5,712.5,358.5,348.0
3.0997209999999997,692.5,266.5,664.5,250.5,712.5,358.5,348.0
3.133051333333333,692.5,266.5,665.5,249.5,712.5,358.5,348.0
3.166381666666666,692.5,266.5,666.5,249.5,712.5,358.5,348.0
3.1997119999999994,692.5,266.5,666.5,248.5,712.5,358.5,348.0
3.2330423333333327,693.5,266.5,667.5,247.5,712.5,358.5,348.0
3.266372666666666,693.5,266.5,668.5,246.5,712.5,358.5,348.0
3.299703,693.5,266.5,668.5,246.5,712.5,358.5,348.0
3.333033333333333,693.5,266.5,669.5,245.5,712.5,358.5,348.0
3.366363666666666,693.5,266.5,670.5,244.5,712.5,358.5,348.0
3.3996939999999998,694.5,266.5,671.5,244.5,712.5,358.5,348.0
3.433024333333333,694.5,266.5,672.5,243.5,712.5,358.5,348.0
3.4663546666666663,694.5,266.5,673.5,242.5,712.5,358.5,348.0
3.4996849999999995,694.5,266.5,673.5,242.5,712.5,358.5,348.0
3.5330153333333327,694.5,266.5,674.5,241.5,712.5,358.5,348.0
3.566345666666666,694.5,266.5,675.5,241.5,712.5,358.5,348.0
3.599675999999999,694.5,267.5,676.5,240.5,712.5,358.5,348.0
3.633006333333333,694.5,267.5,677.5,240.5,712.5,358.5,348.0
3.666336666666666,694.5,267.5,678.5,239.5,712.5,358.5,348.0
3.699667,694.5,267.5,679.5,239.5,712.5,358.5,348.0
3.7329973333333326,695.5,267.5,680.5,238.5,712.5,358.5,348.0
3.766327666666666,695.5,267.5,681.5,238.5,712.5,358.5,348.0
3.799658,695.5,267.5,682.5,238.5,712.5,358.5,348.0
3.8329883333333328,695.5,267.5,683.5,237.5,712.5,358.5,348.0
3.866318666666666,695.5,267.5,683.5,237.5,712.5,358.5,348.0
3.8996489999999993,695.5,267.5,684.5,237.5,712.5,358.5,348.0
3.932979333333333,695.5,267.5,685.5,237.5,712.5,358.5,348.0
3.966309666666666,695.5,268.5,686.5,237.5,712.5,358.5,348.0
3.99964,695.5,268.5,688.5,236.5,712.5,358.5,348.0
4.032970333333332,695.5,268.5,689.5,236.5,712.5,358.5,348.0
4.066300666666666,696.5,268.5,690.5,236.5,712.5,358.5,348.0
4.099631,695.5,268.5,691.5,236.5,712.5,358.5,348.0
4.132961333333332,696.5,268.5,692.5,236.5,712.5,358.5,348.0
4.166291666666666,696.5,268.5,693.5,236.5,712.5,358.5,348.0
4.199621999999999,696.5,268.5,694.5,236.5,712.5,358.5,348.0
4.2329523333333325,696.5,268.5,695.5,236.5,712.5,358.5,348.0
4.266282666666666,696.5,269.5,696.5,236.5,712.5,358.5,348.0
4.299612999999999,696.5,269.5,697.5,237.5,712.5,358.5,348.0
4.332943333333333,696.5,269.5,698.5,237.5,712.5,358.5,348.0
4.3662736666666655,696.5,269.5,699.5,237.5,712.5,358.5,348.0
4.399603999999999,696.5,269.5,700.5,237.5,712.5,358.5,348.0
4.432934333333333,696.5,269.5,701.5,237.5,712.5,358.5,348.0
4.466264666666666,696.5,269.5,702.5,237.5,712.5,358.5,348.0
4.499594999999999,696.5,269.5,703.5,238.5,712.5,358.5,348.0
4.532925333333332,696.5,269.5,704.5,238.5,712.5,358.5,348.0
4.566255666666666,696.5,270.5,704.5,238.5,712.5,358.5,348.0
4.599586,696.5,270.5,705.5,239.5,712.5,358.5,348.0
4.632916333333332,696.5,270.5,706.5,239.5,712.5,358.5,348.0
4.666246666666666,696.5,270.5,707.5,240.5,712.5,358.5,348.0
4.699576999999999,696.5,270.5,708.5,240.5,712.5,358.5,348.0
4.7329073333333325,696.5,270.5,708.5,240.5,712.5,358.5,348.0
4.766237666666666,696.5,270.5,710.5,241.5,712.5,358.5,348.0
4.799567999999999,696.5,271.5,710.5,242.5,712.5,358.5,348.0
4.832898333333333,696.5,271.5,711.5,242.5,712.5,358.5,348.0
4.866228666666665,696.5,271.5,712.5,243.5,712.5,358.5,348.0
4.899558999999999,696.5,271.5,713.5,244.5,712.5,358.5,348.0
4.932889333333333,696.5,271.5,713.5,244.5,712.5,358.5,348.0
4.966219666666666,696.5,271.5,714.5,244.5,712.5,358.5,348.0
4.999549999999999,696.5,271.5,715.5,245.5,712.5,358.5,348.0
5.032880333333332,696.5,271.5,715.5,245.5,712.5,358.5,348.0
5.066210666666666,696.5,271.5,715.5,245.5,712.5,358.5,348.0
5.099540999999999,696.5,271.5,715.5,245.5,712.5,358.5,348.0
5.132871333333332,696.5,272.5,715.5,245.5,712.5,358.5,348.0
5.166201666666666,696.5,272.5,715.5,245.5,712.5,358.5,348.0
5.199531999999999,696.5,272.5,715.5,245.5,712.5,358.5,348.0
5.232862333333332,696.5,272.5,715.5,245.5,712.5,358.5,348.0
5.266192666666666,697.5,272.5,715.5,245.5,712.5,358.5,348.0
5.299522999999999,697.5,272.5,715.5,245.5,712.5,358.5,348.0
5.332853333333333,697.5,272.5,715.5,245.5,712.5,358.5,348.0
5.366183666666665,697.5,272.5,715.5,245.5,712.5,358.5,348.0
5.399513999999999,698.5,273.5,716.5,246.5,712.5,358.5,348.0
5.432844333333333,699.5,273.5,716.5,246.5,712.5,358.5,348.0
5.4661746666666655,699.5,273.5,716.5,246.5,712.5,358.5,348.0
5.499504999999999,699.5,273.5,716.5,246.5,712.5,358.5,348.0
5.532835333333332,700.5,273.5,717.5,246.5,712.5,358.5,348.0
5.566165666666666,700.5,273.5,717.5,246.5,712.5,358.5,348.0
5.599495999999999,701.5,274.5,717.5,246.5,712.5,358.5,348.0
5.632826333333332,702.5,274.5,717.5,246.5,712.5,358.5,348.0
5.666156666666666,702.5,274.5,718.5,245.5,712.5,358.5,348.0
5.699486999999999,703.5,274.5,718.5,246.5,712.5,358.5,348.0
5.732817333333332,704.5,275.5,718.5,246.5,712.5,358.5,348.0
5.766147666666666,705.5,275.5,719.5,246.5,712.5,358.5,348.0
5.799477999999999,705.5,275.5,719.5,246.5,712.5,358.5,348.0
5.8328083333333325,706.5,275.5,719.5,245.5,712.5,358.5,348.0
5.866138666666665,707.5,275.5,719.5,245.5,712.5,358.5,348.0
5.899468999999999,707.5,275.5,719.5,245.5,712.5,358.5,348.0
5.932799333333333,708.5,275.5,720.5,245.5,712.5,358.5,348.0
5.966129666666665,709.5,276.5,720.5,245.5,712.5,358.5,348.0
5.999459999999999,710.5,276.5,721.5,245.5,712.5,358.5,348.0
6.032790333333332,711.5,276.5,720.5,245.5,712.5,358.5,348.0
6.066120666666666,712.5,276.5,721.5,245.5,712.5,358.5,348.0
6.099450999999999,713.5,276.5,721.5,245.5,712.5,358.5,348.0
6.132781333333332,714.5,276.5,721.5,245.5,712.5,358.5,348.0
6.166111666666666,715.5,276.5,722.5,245.5,712.5,358.5,348.0
6.199441999999999,716.5,276.5,722.5,245.5,712.5,358.5,348.0
6.232772333333332,717.5,276.5,722.5,245.5,712.5,358.5,348.0
6.266102666666666,718.5,276.5,722.5,245.5,712.5,358.5,348.0
6.299432999999999,719.5,276.5,722.5,244.5,712.5,358.5,348.0
6.332763333333332,720.5,276.5,723.5,244.5,712.5,358.5,348.0
6.366093666666665,721.5,276.5,723.5,244.5,712.5,358.5,348.0
6.399423999999999,722.5,276.5,723.5,244.5,712.5,358.5,348.0
6.432754333333333,723.5,276.5,724.5,244.5,712.5,358.5,348.0
6.466084666666665,724.5,276.5,724.5,243.5,712.5,358.5,348.0
6.499414999999999,725.5,275.5,724.5,243.5,712.5,358.5,348.0
6.532745333333332,726.5,275.5,724.5,243.5,712.5,358.5,348.0
6.5660756666666655,726.5,275.5,725.5,242.5,712.5,358.5,348.0
6.599405999999999,727.5,274.5,725.5,242.5,712.5,358.5,348.0
6.632736333333332,728.5,274.5,725.5,242.5,712.5,358.5,348.0
6.666066666666666,729.5,273.5,726.5,242.5,712.5,358.5,348.0
6.699396999999999,730.5,273.5,726.5,241.5,712.5,358.5,348.0
6.732727333333332,731.5,273.5,726.5,241.5,712.5,358.5,348.0
6.766057666666666,732.5,272.5,726.5,241.5,712.5,358.5,348.0
6.799387999999999,733.5,272.5,727.5,240.5,712.5,358.5,348.0
6.832718333333332,733.5,271.5,727.5,240.5,712.5,358.5,348.0
6.866048666666665,735.5,271.5,727.5,240.5,712.5,358.5,348.0
6.899378999999999,735.5,270.5,727.5,239.5,712.5,358.5,348.0
6.9327093333333325,737.5,270.5,728.5,239.5,712.5,358.5,348.0
6.966039666666665,737.5,269.5,728.5,238.5,712.5,358.5,348.0
6.999369999999999,738.5,269.5,728.5,238.5,712.5,358.5,348.0
7.032700333333332,739.5,268.5,728.5,238.5,712.5,358.5,348.0
7.0660306666666655,740.5,267.5,729.5,237.5,712.5,358.5,348.0
7.099360999999999,741.5,266.5,728.5,237.5,712.5,358.5,348.0
7.132691333333332,742.5,265.5,729.5,236.5,712.5,358.5,348.0
7.166021666666666,743.5,265.5,729.5,236.5,712.5,358.5,348.0
7.199351999999998,743.5,264.5,729.5,235.5,712.5,358.5,348.0
7.232682333333332,744.5,264.5,729.5,235.5,712.5,358.5,348.0
7.266012666666666,745.5,263.5,729.5,235.5,712.5,358.5,348.0
7.299342999999999,746.5,262.5,729.5,234.5,712.5,358.5,348.0
7.332673333333332,746.5,261.5,729.5,234.5,712.5,358.5,348.0
7.366003666666665,747.5,260.5,730.5,233.5,712.5,358.5,348.0
7.399333999999999,748.5,259.5,730.5,233.5,712.5,358.5,348.0
7.432664333333332,748.5,258.5,730.5,232.5,712.5,358.5,348.0
7.465994666666665,749.5,257.5,730.5,232.5,712.5,358.5,348.0
7.499324999999999,750.5,256.5,730.5,231.5,712.5,358.5,348.0
7.532655333333332,750.5,255.5,730.5,231.5,712.5,358.5,348.0
7.565985666666665,751.5,254.5,730.5,230.5,712.5,358.5,348.0
7.599315999999999,751.5,253.5,730.5,229.5,712.5,358.5,348.0
7.632646333333332,752.5,252.5,730.5,229.5,712.5,358.5,348.0
7.6659766666666656,752.5,251.5,730.5,229.5,712.5,358.5,348.0
7.699306999999998,753.5,250.5,730.5,228.5,712.5,358.5,348.0
7.732637333333332,754.5,249.5,730.5,228.5,712.5,358.5,348.0
7.765967666666666,754.5,248.5,730.5,228.5,712.5,358.5,348.0
7.7992979999999985,754.5,247.5,730.5,227.5,712.5,358.5,348.0
7.832628333333332,755.5,246.5,730.5,226.5,712.5,358.5,348.0
7.865958666666665,755.5,245.5,729.5,226.5,712.5,358.5,348.0
7.899288999999999,755.5,244.5,729.5,225.5,712.5,358.5,348.0
7.932619333333332,756.5,243.5,729.5,225.5,712.5,358.5,348.0
7.965949666666665,756.5,242.5,729.5,224.5,712.5,358.5,348.0
7.999279999999999,756.5,240.5,729.5,224.5,712.5,358.5,348.0
8.032610333333333,756.5,240.5,729.5,224.5,712.5,358.5,348.0
8.065940666666664,757.5,239.5,729.5,223.5,712.5,358.5,348.0
8.099270999999998,757.5,239.5,729.5,223.5,712.5,358.5,348.0
8.132601333333332,757.5,238.5,729.5,223.5,712.5,358.5,348.0
8.165931666666665,757.5,238.5,729.5,223.5,712.5,358.5,348.0
8.199262,757.5,238.5,729.5,223.5,712.5,358.5,348.0
8.232592333333331,757.5,238.5,729.5,223.5,712.5,358.5,348.0
8.265922666666665,757.5,238.5,729.5,223.5,712.5,358.5,348.0
8.299252999999998,757.5,238.5,729.5,223.5,712.5,358.5,348.0
8.332583333333332,757.5,238.5,729.5,223.5,712.5,358.5,348.0
8.365913666666666,757.5,238.5,729.5,223.5,712.5,358.5,348.0
8.399243999999998,757.5,238.5,730.5,222.5,712.5,358.5,348.0
8.432574333333331,757.5,238.5,730.5,222.5,712.5,358.5,348.0
8.465904666666665,757.5,238.5,730.5,221.5,712.5,358.5,348.0
8.499234999999999,758.5,238.5,730.5,221.5,712.5,358.5,348.0
8.532565333333332,758.5,238.5,731.5,221.5,712.5,358.5,348.0
8.565895666666664,758.5,238.5,731.5,221.5,712.5,358.5,348.0
8.599225999999998,758.5,238.5,731.5,220.5,712.5,358.5,348.0
8.632556333333332,758.5,238.5,732.5,220.5,712.5,358.5,348.0
8.665886666666665,759.5,238.5,732.5,220.5,712.5,358.5,348.0
8.699216999999999,759.5,237.5,733.5,219.5,712.5,358.5,348.0
8.732547333333331,759.5,237.5,733.5,219.5,712.5,358.5,348.0
8.765877666666665,760.5,238.5,734.5,219.5,712.5,358.5,348.0
8.799207999999998,760.5,238.5,735.5,218.5,712.5,358.5,348.0
8.832538333333332,760.5,238.5,735.5,217.5,712.5,358.5,348.0
8.865868666666666,760.5,237.5,736.5,217.5,712.5,358.5,348.0
8.899198999999998,761.5,238.5,736.5,217.5,712.5,358.5,348.0
8.932529333333331,761.5,238.5,737.5,216.5,712.5,358.5,348.0
8.965859666666665,761.5,237.5,737.5,216.5,712.5,358.5,348.0
8.999189999999999,762.5,238.5,738.5,216.5,712.5,358.5,348.0
9.032520333333332,762.5,237.5,739.5,215.5,712.5,358.5,348.0
9.065850666666664,762.5,238.5,739.5,215.5,712.5,358.5,348.0
9.099180999999998,762.5,238.5,740.5,215.5,712.5,358.5,348.0
9.132511333333332,762.5,238.5,741.5,214.5,712.5,358.5,348.0
9.165841666666664,762.5,238.5,741.5,213.5,712.5,358.5,348.0
9.199172,762.5,238.5,742.5,213.5,712.5,358.5,348.0
9.232502333333333,763.5,238.5,743.5,213.5,712.5,358.5,348.0
9.265832666666665,763.5,238.5,744.5,212.5,712.5,358.5,348.0
9.299162999999998,763.5,238.5,744.5,212.5,712.5,358.5,348.0
9.332493333333332,763.5,238.5,745.5,211.5,712.5,358.5,348.0
9.365823666666666,763.5,238.5,746.5,211.5,712.5,358.5,348.0
9.399153999999998,763.5,238.5,747.5,210.5,712.5,358.5,348.0
9.432484333333331,763.5,238.5,748.5,210.5,712.5,358.5,348.0
9.465814666666663,764.5,238.5,749.5,210.5,712.5,358.5,348.0
9.499145,764.5,238.5,750.5,209.5,712.5,358.5,348.0
9.532475333333332,764.5,238.5,750.5,209.5,712.5,358.5,348.0
9.565805666666664,764.5,239.5,752.5,209.5,712.5,358.5,348.0
9.599135999999998,764.5,239.5,752.5,209.5,712.5,358.5,348.0
9.632466333333332,764.5,239.5,754.5,208.5,712.5,358.5,348.0
9.665796666666663,764.5,239.5,755.5,208.5,712.5,358.5,348.0
9.699127,764.5,239.5,755.5,208.5,712.5,358.5,348.0
9.73245733333333,764.5,239.5,756.5,208.5,712.5,358.5,348.0
9.765787666666665,764.5,239.5,757.5,208.5,712.5,358.5,348.0
9.799117999999998,764.5,239.5,758.5,208.5,712.5,358.5,348.0
9.832448333333332,764.5,240.5,759.5,208.5,712.5,358.5,348.0
9.865778666666666,765.5,239.5,760.5,208.5,712.5,358.5,348.0
9.899108999999996,764.5,240.5,761.5,208.5,712.5,358.5,348.0
9.932439333333331,764.5,240.5,762.5,208.5,712.5,358.5,348.0
9.965769666666665,765.5,240.5,763.5,208.5,712.5,358.5,348.0
9.9991,764.5,240.5,764.5,208.5,712.5,358.5,348.0
10.032430333333332,764.5,240.5,765.5,208.5,712.5,358.5,348.0
10.065760666666664,764.5,240.5,766.5,208.5,712.5,358.5,348.0
10.099090999999998,764.5,240.5,767.5,208.5,712.5,358.5,348.0
10.132421333333332,764.5,240.5,768.5,208.5,712.5,358.5,348.0
10.165751666666663,765.5,241.5,769.5,208.5,712.5,358.5,348.0
10.199082,765.5,241.5,770.5,209.5,712.5,358.5,348.0
10.23241233333333,765.5,241.5,771.5,209.5,712.5,358.5,348.0
10.265742666666664,764.5,241.5,772.5,209.5,712.5,358.5,348.0
10.299072999999998,765.5,241.5,773.5,210.5,712.5,358.5,348.0
10.332403333333332,765.5,241.5,774.5,210.5,712.5,358.5,348.0
10.365733666666666,764.5,241.5,774.5,210.5,712.5,358.5,348.0
10.399063999999996,764.5,241.5,776.5,211.5,712.5,358.5,348.0
10.432394333333333,765.5,241.5,776.5,211.5,712.5,358.5,348.0
10.465724666666665,765.5,242.5,777.5,212.5,712.5,358.5,348.0
10.499054999999998,765.5,242.5,778.5,212.5,712.5,358.5,348.0
10.532385333333332,764.5,242.5,779.5,213.5,712.5,358.5,348.0
10.565715666666664,764.5,242.5,780.5,213.5,712.5,358.5,348.0
10.599045999999998,764.5,242.5,780.5,214.5,712.5,358.5,348.0
10.632376333333331,764.5,242.5,781.5,215.5,712.5,358.5,348.0
10.665706666666663,764.5,242.5,782.5,215.5,712.5,358.5,348.0
10.699037,764.5,243.5,783.5,216.5,712.5,358.5,348.0
10.73236733333333,764.5,243.5,784.5,217.5,712.5,358.5,348.0
10.765697666666664,764.5,243.5,784.5,217.5,712.5,358.5,348.0
10.799027999999998,764.5,243.5,785.5,218.5,712.5,358.5,348.0
10.832358333333332,764.5,243.5,786.5,219.5,712.5,358.5,348.0
10.865688666666664,764.5,244.5,786.5,220.5,712.5,358.5,348.0
10.899018999999996,764.5,244.5,787.5,220.5,712.5,358.5,348.0
10.932349333333333,764.5,244.5,787.5,221.5,712.5,358.5,348.0
10.965679666666665,764.5,244.5,788.5,222.5,712.5,358.5,348.0
10.999009999999998,764.5,244.5,789.5,223.5,712.5,358.5,348.0
11.032340333333332,763.5,244.5,789.5,224.5,712.5,358.5,348.0
11.065670666666664,763.5,244.5,790.5,225.5,712.5,358.5,348.0
11.099000999999998,763.5,244.5,790.5,226.5,712.5,358.5,348.0
11.132331333333331,763.5,244.5,790.5,226.5,712.5,358.5,348.0
11.165661666666663,763.5,244.5,790.5,226.5,712.5,358.5,348.0
11.198992,763.5,244.5,790.5,226.5,712.5,358.5,348.0
11.23232233333333,763.5,244.5,790.5,226.5,712.5,358.5,348.0
11.265652666666664,763.5,244.5,790.5,226.5,712.5,358.5,348.0
11.298982999999998,763.5,244.5,790.5,226.5,712.5,358.5,348.0
11.332313333333332,763.5,244.5,790.5,226.5,712.5,358.5,348.0
11.365643666666664,763.5,245.5,790.5,226.5,712.5,358.5,348.0
11.398973999999995,764.5,245.5,790.5,226.5,712.5,358.5,348.0
11.432304333333333,764.5,245.5,790.5,226.5,712.5,358.5,348.0
11.465634666666665,764.5,245.5,791.5,227.5,712.5,358.5,348.0
11.498964999999998,765.5,246.5,791.5,227.5,712.5,358.5,348.0
11.532295333333332,765.5,246.5,791.5,227.5,712.5,358.5,348.0
11.565625666666664,765.5,246.5,792.5,227.5,712.5,358.5,348.0
11.598955999999998,766.5,247.5,792.5,227.5,712.5,358.5,348.0
11.632286333333331,766.5,247.5,792.5,227.5,712.5,358.5,348.0
11.665616666666663,767.5,247.5,793.5,227.5,712.5,358.5,348.0
11.698947,767.5,247.5,793.5,227.5,712.5,358.5,348.0
11.73227733333333,768.5,248.5,793.5,227.5,712.5,358.5,348.0
11.765607666666664,768.5,248.5,793.5,227.5,712.5,358.5,348.0
11.798937999999998,769.5,249.5,793.5,227.5,712.5,358.5,348.0
11.832268333333332,770.5,249.5,794.5,227.5,712.5,358.5,348.0
11.865598666666664,771.5,250.5,794.5,227.5,712.5,358.5,348.0
11.898928999999995,771.5,250.5,795.5,228.5,712.5,358.5,348.0
11.93225933333333,772.5,250.5,795.5,228.5,712.5,358.5,348.0
11.965589666666665,773.5,251.5,795.5,227.5,712.5,358.5,348.0
11.998919999999998,773.5,251.5,796.5,227.5,712.5,358.5,348.0
12.032250333333332,774.5,251.5,797.5,228.5,712.5,358.5,348.0
12.065580666666664,775.5,252.5,797.5,228.5,712.5,358.5,348.0
12.098910999999998,776.5,252.5,797.5,227.5,712.5,358.5,348.0
12.132241333333331,777.5,253.5,798.5,228.5,712.5,358.5,348.0
12.165571666666663,778.5,253.5,798.5,227.5,712.5,358.5,348.0
12.198902,778.5,253.5,798.5,227.5,712.5,358.5,348.0
12.23223233333333,779.5,253.5,799.5,227.5,712.5,358.5,348.0
12.265562666666664,780.5,254.5,799.5,227.5,712.5,358.5,348.0
12.298892999999998,781.5,254.5,800.5,227.5,712.5,358.5,348.0
12.332223333333332,782.5,254.5,800.5,227.5,712.5,358.5,348.0
12.365553666666663,783.5,254.5,801.5,227.5,712.5,358.5,348.0
12.398883999999995,783.5,254.5,801.5,227.5,712.5,358.5,348.0
12.43221433333333,785.5,255.5,801.5,227.5,712.5,358.5,348.0
12.465544666666664,785.5,255.5,802.5,227.5,712.5,358.5,348.0
12.498874999999998,786.5,255.5,802.5,227.5,712.5,358.5,348.0
12.532205333333332,787.5,255.5,803.5,227.5,712.5,358.5,348.0
12.565535666666664,788.5,255.5,803.5,226.5,712.5,358.5,348.0
12.598865999999996,789.5,255.5,804.5,226.5,712.5,358.5,348.0
12.632196333333331,790.5,255.5,804.5,226.5,712.5,358.5,348.0
12.665526666666665,791.5,255.5,805.5,226.5,712.5,358.5,348.0
12.698857,792.5,255.5,805.5,226.5,712.5,358.5,348.0
12.73218733333333,793.5,256.5,805.5,225.5,712.5,358.5,348.0
12.765517666666664,794.5,256.5,805.5,225.5,712.5,358.5,348.0
12.798847999999998,795.5,255.5,806.5,225.5,712.5,358.5,348.0
12.832178333333331,796.5,256.5,806.5,225.5,712.5,358.5,348.0
12.865508666666663,797.5,256.5,806.5,224.5,712.5,358.5,348.0
12.898838999999995,799.5,256.5,807.5,224.5,712.5,358.5,348.0
12.93216933333333,800.5,256.5,807.5,224.5,712.5,358.5,348.0
12.965499666666664,801.5,256.5,808.5,224.5,712.5,358.5,348.0
12.998829999999998,802.5,255.5,808.5,224.5,712.5,358.5,348.0
13.032160333333332,803.5,255.5,809.5,223.5,712.5,358.5,348.0
13.065490666666664,804.5,255.5,809.5,223.5,712.5,358.5,348.0
13.098820999999996,805.5,255.5,809.5,223.5,712.5,358.5,348.0
13.132151333333333,806.5,255.5,809.5,222.5,712.5,358.5,348.0
13.165481666666665,807.5,254.5,810.5,222.5,712.5,358.5,348.0
13.198811999999998,808.5,254.5,810.5,222.5,712.5,358.5,348.0
13.23214233333333,809.5,254.5,811.5,221.5,712.5,358.5,348.0
13.265472666666664,810.5,253.5,811.5,221.5,712.5,358.5,348.0
13.298802999999998,811.5,253.5,811.5,221.5,712.5,358.5,348.0
13.332133333333331,812.5,253.5,812.5,221.5,712.5,358.5,348.0
13.365463666666663,813.5,252.5,812.5,220.5,712.5,358.5,348.0
13.398793999999995,814.5,252.5,812.5,220.5,712.5,358.5,348.0
13.43212433333333,815.5,251.5,813.5,219.5,712.5,358.5,348.0
13.465454666666664,816.5,251.5,813.5,219.5,712.5,358.5,348.0
13.498784999999998,817.5,250.5,813.5,218.5,712.5,358.5,348.0
13.532115333333332,818.5,250.5,813.5,218.5,712.5,358.5,348.0
13.565445666666664,819.5,249.5,813.5,218.5,712.5,358.5,348.0
13.598775999999996,820.5,249.5,814.5,217.5,712.5,358.5,348.0
13.632106333333333,821.5,248.5,814.5,217.5,712.5,358.5,348.0
13.665436666666665,822.5,248.5,814.5,216.5,712.5,358.5,348.0
13.698766999999998,823.5,247.5,814.5,216.5,712.5,358.5,348.0
13.73209733333333,824.5,246.5,815.5,215.5,712.5,358.5,348.0
13.765427666666664,825.5,246.5,815.5,215.5,712.5,358.5,348.0
13.798757999999998,825.5,245.5,815.5,215.5,712.5,358.5,348.0
13.832088333333331,827.5,244.5,816.5,214.5,712.5,358.5,348.0
13.865418666666663,828.5,244.5,815.5,214.5,712.5,358.5,348.0
13.898748999999995,828.5,243.5,816.5,213.5,712.5,358.5,348.0
13.93207933333333,829.5,242.5,816.5,213.5,712.5,358.5,348.0
13.965409666666664,830.5,241.5,816.5,212.5,712.5,358.5,348.0
13.998739999999998,831.5,240.5,816.5,212.5,712.5,358.5,348.0
14.032070333333332,832.5,239.5,817.5,211.5,712.5,358.5,348.0
14.065400666666664,833.5,238.5,817.5,210.5,712.5,358.5,348.0
14.098730999999995,833.5,238.5,816.5,210.5,712.5,358.5,348.0
14.132061333333333,834.5,237.5,817.5,210.5,712.5,358.5,348.0
14.165391666666665,835.5,236.5,817.5,209.5,712.5,358.5,348.0
14.198721999999998,835.5,236.5,817.5,209.5,712.5,358.5,348.0
14.23205233333333,835.5,235.5,817.5,209.5,712.5,358.5,348.0
14.265382666666664,835.5,235.5,817.5,209.5,712.5,358.5,348.0
14.298712999999998,835.5,236.5,817.5,209.5,712.5,358.5,348.0
14.332043333333331,835.5,235.5,817.5,209.5,712.5,358.5,348.0
14.365373666666663,835.5,235.5,817.5,209.5,712.5,358.5,348.0
14.398703999999997,835.5,235.5,817.5,209.5,712.5,358.5,348.0
14.43203433333333,835.5,235.5,817.5,209.5,712.5,358.5,348.0
14.465364666666664,835.5,235.5,817.5,209.5,712.5,358.5,348.0
14.498694999999998,835.5,236.5,818.5,208.5,712.5,358.5,348.0
14.532025333333332,835.5,236.5,818.5,208.5,712.5,358.5,348.0
14.565355666666663,836.5,235.5,818.5,208.5,712.5,358.5,348.0
14.598685999999995,836.5,235.5,819.5,208.5,712.5,358.5,348.0
14.63201633333333,836.5,235.5,819.5,208.5,712.5,358.5,348.0
14.665346666666665,836.5,235.5,820.5,207.5,712.5,358.5,348.0
14.698676999999998,836.5,235.5,821.5,207.5,712.5,358.5,348.0
14.73200733333333,836.5,235.5,821.5,207.5,712.5,358.5,348.0
14.765337666666664,836.5,236.5,822.5,207.5,712.5,358.5,348.0
14.798667999999996,836.5,236.5,823.5,206.5,712.5,358.5,348.0
14.831998333333331,836.5,235.5,824.5,206.5,712.5,358.5,348.0
14.865328666666665,837.5,235.5,824.5,206.5,712.5,358.5,348.0
14.898658999999997,836.5,236.5,825.5,206.5,712.5,358.5,348.0
14.93198933333333,836.5,236.5,826.5,206.5,712.5,358.5,348.0
14.965319666666664,837.5,236.5,827.5,205.5,712.5,358.5,348.0
14.998649999999998,837.5,236.5,828.5,205.5,712.5,358.5,348.0
15.031980333333332,837.5,236.5,828.5,205.5,712.5,358.5,348.0
15.065310666666663,837.5,236.5,830.5,205.5,712.5,358.5,348.0
15.098640999999995,837.5,236.5,831.5,205.5,712.5,358.5,348.0
15.13197133333333,837.5,236.5,831.5,205.5,712.5,358.5,348.0
15.165301666666664,837.5,236.5,832.5,205.5,712.5,358.5,348.0
15.198631999999998,837.5,236.5,833.5,205.5,712.5,358.5,348.0
15.23196233333333,837.5,237.5,834.5,204.5,712.5,358.5,348.0
15.265292666666664,837.5,237.5,835.5,205.5,712.5,358.5,348.0
15.298622999999996,837.5,237.5,836.5,205.5,712.5,358.5,348.0
15.331953333333333,837.5,237.5,837.5,205.5,712.5,358.5,348.0
15.365283666666665,837.5,237.5,838.5,205.5,712.5,358.5,348.0
15.398613999999997,837.5,237.5,839.5,205.5,712.5,358.5,348.0
15.43194433333333,837.5,237.5,840.5,205.5,712.5,358.5,348.0
15.465274666666664,837.5,237.5,841.5,205.5,712.5,358.5,348.0
15.498604999999998,837.5,237.5,842.5,205.5,712.5,358.5,348.0
15.531935333333331,837.5,237.5,843.5,205.5,712.5,358.5,348.0
15.565265666666663,837.5,237.5,844.5,206.5,712.5,358.5,348.0
15.598595999999995,838.5,238.5,845.5,206.5,712.5,358.5,348.0
15.63192633333333,838.5,238.5,845.5,206.5,712.5,358.5,348.0
15.665256666666664,837.5,238.5,846.5,206.5,712.5,358.5,348.0
15.698586999999998,838.5,238.5,847.5,207.5,712.5,358.5,348.0
15.73191733333333,838.5,238.5,848.5,207.5,712.5,358.5,348.0
15.765247666666664,837.5,238.5,849.5,208.5,712.5,358.5,348.0
15.798577999999996,837.5,238.5,850.5,208.5,712.5,358.5,348.0
15.831908333333333,837.5,238.5,851.5,209.5,712.5,358.5,348.0
15.865238666666665,838.5,239.5,851.5,209.5,712.5,358.5,348.0
15.898568999999997,838.5,239.5,852.5,210.5,712.5,358.5,348.0
15.93189933333333,837.5,239.5,854.5,211.5,712.5,358.5,348.0
15.965229666666664,837.5,239.5,854.5,211.5,712.5,358.5,348.0
15.998559999999998,837.5,239.5,855.5,212.5,712.5,358.5,348.0
16.03189033333333,837.5,239.5,855.5,212.5,712.5,358.5,348.0
16.065220666666665,837.5,239.5,856.5,213.5,712.5,358.5,348.0
16.098550999999997,837.5,239.5,857.5,214.5,712.5,358.5,348.0
16.13188133333333,837.5,240.5,857.5,214.5,712.5,358.5,348.0
16.165211666666664,837.5,240.5,858.5,215.5,712.5,358.5,348.0
16.198541999999996,837.5,240.5,859.5,216.5,712.5,358.5,348.0
16.23187233333333,837.5,240.5,859.5,217.5,712.5,358.5,348.0
16.265202666666664,837.5,240.5,860.5,217.5,712.5,358.5,348.0
16.298532999999995,837.5,240.5,860.5,218.5,712.5,358.5,348.0
16.33186333333333,837.5,240.5,861.5,219.5,712.5,358.5,348.0
16.365193666666663,837.5,241.5,862.5,220.5,712.5,358.5,348.0
16.398524,837.5,241.5,862.5,221.5,712.5,358.5,348.0
16.43185433333333,836.5,241.5,863.5,222.5,712.5,358.5,348.0
16.465184666666662,836.5,241.5,863.5,222.5,712.5,358.5,348.0
16.498514999999998,836.5,241.5,863.5,223.5,712.5,358.5,348.0
16.53184533333333,836.5,241.5,864.5,224.5,712.5,358.5,348.0
16.565175666666665,836.5,241.5,864.5,225.5,712.5,358.5,348.0
16.598505999999997,836.5,241.5,865.5,227.5,712.5,358.5,348.0
16.63183633333333,836.5,242.5,865.5,227.5,712.5,358.5,348.0
16.665166666666664,836.5,242.5,865.5,228.5,712.5,358.5,348.0
16.698496999999996,836.5,242.5,865.5,229.5,712.5,358.5,348.0
16.73182733333333,836.5,242.5,866.5,230.5,712.5,358.5,348.0
16.765157666666664,835.5,241.5,866.5,231.5,712.5,358.5,348.0
16.798487999999995,835.5,241.5,866.5,232.5,712.5,358.5,348.0
16.83181833333333,835.5,242.5,867.5,232.5,712.5,358.5,348.0
16.865148666666663,835.5,242.5,866.5,234.5,712.5,358.5,348.0
16.898479,835.5,242.5,867.5,235.5,712.5,358.5,348.0
16.93180933333333,835.5,242.5,866.5,236.5,712.5,358.5,348.0
16.965139666666662,835.5,242.5,867.5,237.5,712.5,358.5,348.0
16.998469999999998,834.5,242.5,866.5,238.5,712.5,358.5,348.0
17.03180033333333,834.5,242.5,866.5,239.5,712.5,358.5,348.0
17.065130666666665,834.5,243.5,866.5,240.5,712.5,358.5,348.0
17.098460999999997,834.5,242.5,866.5,241.5,712.5,358.5,348.0
17.13179133333333,834.5,243.5,866.5,242.5,712.5,358.5,348.0
17.165121666666664,833.5,243.5,866.5,243.5,712.5,358.5,348.0
17.198451999999996,833.5,243.5,865.5,244.5,712.5,358.5,348.0
17.23178233333333,833.5,243.5,865.5,244.5,712.5,358.5,348.0
17.265112666666663,833.5,243.5,865.5,244.5,712.5,358.5,348.0
17.298442999999995,833.5,243.5,865.5,245.5,712.5,358.5,348.0
17.33177333333333,833.5,243.5,865.5,245.5,712.5,358.5,348.0
17.365103666666663,833.5,243.5,865.5,245.5,712.5,358.5,348.0
17.398433999999998,833.5,244.5,865.5,246.5,712.5,358.5,348.0
17.43176433333333,832.5,243.5,864.5,246.5,712.5,358.5,348.0
17.465094666666662,832.5,244.5,864.5,247.5,712.5,358.5,348.0
17.498424999999997,832.5,244.5,864.5,248.5,712.5,358.5,348.0
17.53175533333333,832.5,244.5,863.5,248.5,712.5,358.5,348.0
17.565085666666665,832.5,244.5,863.5,249.5,712.5,358.5,348.0
17.598415999999997,831.5,244.5,863.5,250.5,712.5,358.5,348.0
17.63174633333333,831.5,244.5,863.5,251.5,712.5,358.5,348.0
17.665076666666664,831.5,244.5,862.5,252.5,712.5,358.5,348.0
17.698406999999996,831.5,244.5,862.5,252.5,712.5,358.5,348.0
17.73173733333333,831.5,244.5,862.5,253.5,712.5,358.5,348.0
17.765067666666663,831.5,244.5,861.5,254.5,712.5,358.5,348.0
17.798397999999995,830.5,244.5,861.5,255.5,712.5,358.5,348.0
17.83172833333333,830.5,244.5,860.5,255.5,712.5,358.5,348.0
17.865058666666663,830.5,244.5,860.5,256.5,712.5,358.5,348.0
17.898388999999998,829.5,244.5,859.5,257.5,712.5,358.5,348.0
17.93171933333333,829.5,244.5,859.5,257.5,712.5,358.5,348.0
17.965049666666662,829.5,244.5,858.5,258.5,712.5,358.5,348.0
17.998379999999997,829.5,244.5,857.5,259.5,712.5,358.5,348.0
18.03171033333333,829.5,244.5,857.5,260.5,712.5,358.5,348.0
18.065040666666665,828.5,244.5,856.5,260.5,712.5,358.5,348.0
18.098371,828.5,244.5,855.5,261.5,712.5,358.5,348.0
18.13170133333333,828.5,244.5,855.5,262.5,712.5,358.5,348.0
18.165031666666664,828.5,244.5,854.5,262.5,712.5,358.5,348.0
18.198362,827.5,243.5,853.5,263.5,712.5,358.5,348.0
18.23169233333333,827.5,243.5,852.5,264.5,712.5,358.5,348.0
18.265022666666663,827.5,243.5,852.5,264.5,712.5,358.5,348.0
18.298352999999995,827.5,243.5,850.5,265.5,712.5,358.5,348.0
18.33168333333333,827.5,243.5,850.5,266.5,712.5,358.5,348.0
18.365013666666663,826.5,243.5,849.5,266.5,712.5,358.5,348.0
18.398344,826.5,243.5,848.5,266.5,712.5,358.5,348.0
18.43167433333333,826.5,243.5,847.5,267.5,712.5,358.5,348.0
18.465004666666665,826.5,243.5,847.5,268.5,712.5,358.5,348.0
18.498335,826.5,243.5,845.5,268.5,712.5,358.5,348.0
18.53166533333333,826.5,243.5,845.5,268.5,712.5,358.5,348.0
18.564995666666665,826.5,242.5,844.5,269.5,712.5,358.5,348.0
18.598326,825.5,243.5,843.5,269.5,712.5,358.5,348.0
18.63165633333333,825.5,242.5,842.5,269.5,712.5,358.5,348.0
18.664986666666664,825.5,242.5,840.5,270.5,712.5,358.5,348.0
18.698317,824.5,242.5,840.5,270.5,712.5,358.5,348.0
18.73164733333333,824.5,242.5,839.5,270.5,712.5,358.5,348.0
18.764977666666663,824.5,242.5,838.5,271.5,712.5,358.5,348.0
18.798307999999995,824.5,241.5,837.5,271.5,712.5,358.5,348.0
18.83163833333333,824.5,241.5,836.5,271.5,712.5,358.5,348.0
18.864968666666663,824.5,241.5,835.5,271.5,712.5,358.5,348.0
18.898299,823.5,241.5,834.5,271.5,712.5,358.5,348.0
18.93162933333333,823.5,241.5,833.5,271.5,712.5,358.5,348.0
18.96495966666666,823.5,241.5,832.5,272.5,712.5,358.5,348.0
18.99829,823.5,241.5,831.5,272.5,712.5,358.5,348.0
19.03162033333333,823.5,241.5,829.5,272.5,712.5,358.5,348.0
19.064950666666665,823.5,240.5,828.5,272.5,712.5,358.5,348.0
19.098281,823.5,240.5,827.5,272.5,712.5,358.5,348.0
19.13161133333333,823.5,240.5,826.5,272.5,712.5,358.5,348.0
19.164941666666664,822.5,240.5,825.5,272.5,712.5,358.5,348.0
19.198272,822.5,240.5,824.5,272.5,712.5,358.5,348.0
19.23160233333333,822.5,240.5,823.5,272.5,712.5,358.5,348.0
19.264932666666663,822.5,240.5,822.5,272.5,712.5,358.5,348.0
19.298262999999995,822.5,239.5,821.5,271.5,712.5,358.5,348.0
19.33159333333333,822.5,239.5,819.5,271.5,712.5,358.5,348.0
19.364923666666662,822.5,239.5,819.5,271.5,712.5,358.5,348.0
19.398254,822.5,239.5,817.5,270.5,712.5,358.5,348.0
19.43158433333333,822.5,238.5,816.5,270.5,712.5,358.5,348.0
19.46491466666666,822.5,238.5,816.5,270.5,712.5,358.5,348.0
19.498245,821.5,238.5,814.5,269.5,712.5,358.5,348.0
19.53157533333333,821.5,237.5,813.5,269.5,712.5,358.5,348.0
19.564905666666665,821.5,237.5,812.5,268.5,712.5,358.5,348.0
19.598236,821.5,237.5,811.5,267.5,712.5,358.5,348.0
19.63156633333333,821.5,237.5,810.5,267.5,712.5,358.5,348.0
19.664896666666664,821.5,237.5,809.5,267.5,712.5,358.5,348.0
19.698227,821.5,236.5,808.5,266.5,712.5,358.5,348.0
19.73155733333333,821.5,236.5,807.5,265.5,712.5,358.5,348.0
19.764887666666663,821.5,236.5,807.5,265.5,712.5,358.5,348.0
19.798217999999995,821.5,236.5,806.5,264.5,712.5,358.5,348.0
19.83154833333333,821.5,235.5,805.5,264.5,712.5,358.5,348.0
19.864878666666662,821.5,235.5,804.5,263.5,712.5,358.5,348.0
19.898209,821.5,235.5,803.5,262.5,712.5,358.5,348.0
19.93153933333333,821.5,235.5,802.5,261.5,712.5,358.5,348.0
19.96486966666666,821.5,234.5,801.5,260.5,712.5,358.5,348.0
19.9982,821.5,234.5,801.5,259.5,712.5,358.5,348.0
20.03153033333333,821.5,234.5,800.5,258.5,712.5,358.5,348.0
20.064860666666664,821.5,234.5,799.5,258.5,712.5,358.5,348.0
20.098191,821.5,233.5,798.5,257.5,712.5,358.5,348.0
20.13152133333333,821.5,233.5,798.5,256.5,712.5,358.5,348.0
20.164851666666664,821.5,233.5,798.5,255.5,712.5,358.5,348.0
20.198182,821.5,233.5,797.5,254.5,712.5,358.5,348.0
20.23151233333333,821.5,233.5,796.5,253.5,712.5,358.5,348.0
20.264842666666663,821.5,232.5,796.5,252.5,712.5,358.5,348.0
20.298172999999995,821.5,232.5,795.5,252.5,712.5,358.5,348.0
20.33150333333333,821.5,232.5,795.5,252.5,712.5,358.5,348.0
20.364833666666662,821.5,232.5,795.5,251.5,712.5,358.5,348.0
20.398164,821.5,232.5,795.5,251.5,712.5,358.5,348.0
20.43149433333333,821.5,232.5,795.5,251.5,712.5,358.5,348.0
20.46482466666666,821.5,232.5,795.5,251.5,712.5,358.5,348.0
20.498155,820.5,231.5,795.5,251.5,712.5,358.5,348.0
20.53148533333333,820.5,231.5,795.5,251.5,712.5,358.5,348.0
20.564815666666664,820.5,230.5,795.5,251.5,712.5,358.5,348.0
20.598146,819.5,230.5,795.5,250.5,712.5,358.5,348.0
20.631476333333328,819.5,229.5,795.5,250.5,712.5,358.5,348.0
20.664806666666664,819.5,229.5,795.5,250.5,712.5,358.5,348.0
20.698137,818.5,228.5,794.5,250.5,712.5,358.5,348.0
20.73146733333333,818.5,228.5,794.5,250.5,712.5,358.5,348.0
20.764797666666663,817.5,227.5,793.5,249.5,712.5,358.5,348.0
20.798127999999995,817.5,227.5,793.5,249.5,712.5,358.5,348.0
20.83145833333333,816.5,226.5,793.5,249.5,712.5,358.5,348.0
20.864788666666666,815.5,225.5,793.5,249.5,712.5,358.5,348.0
20.898119,814.5,225.5,793.5,249.5,712.5,358.5,348.0
20.93144933333333,814.5,224.5,793.5,249.5,712.5,358.5,348.0
20.96477966666666,813.5,223.5,792.5,248.5,712.5,358.5,348.0
20.99811,813.5,223.5,792.5,248.5,712.5,358.5,348.0
21.03144033333333,812.5,222.5,792.5,248.5,712.5,358.5,348.0
21.064770666666664,811.5,221.5,792.5,248.5,712.5,358.5,348.0
21.098101,810.5,221.5,791.5,247.5,712.5,358.5,348.0
21.131431333333328,809.5,220.5,791.5,247.5,712.5,358.5,348.0
21.164761666666664,808.5,219.5,791.5,247.5,712.5,358.5,348.0
21.198091999999995,808.5,219.5,791.5,247.5,712.5,358.5,348.0
21.23142233333333,807.5,219.5,790.5,246.5,712.5,358.5,348.0
21.264752666666663,806.5,218.5,790.5,246.5,712.5,358.5,348.0
21.298082999999995,805.5,217.5,790.5,246.5,712.5,358.5,348.0
21.33141333333333,804.5,217.5,790.5,246.5,712.5,358.5,348.0
21.364743666666666,803.5,217.5,789.5,246.5,712.5,358.5,348.0
21.398074,802.5,216.5,789.5,246.5,712.5,358.5,348.0
21.43140433333333,801.5,216.5,789.5,246.5,712.5,358.5,348.0
21.46473466666666,799.5,215.5,788.5,246.5,712.5,358.5,348.0
21.498065,798.5,215.5,788.5,246.5,712.5,358.5,348.0
21.53139533333333,797.5,215.5,788.5,246.5,712.5,358.5,348.0
21.564725666666664,797.5,215.5,788.5,246.5,712.5,358.5,348.0
21.598056,795.5,214.5,787.5,245.5,712.5,358.5,348.0
21.631386333333328,795.5,214.5,787.5,245.5,712.5,358.5,348.0
21.664716666666664,794.5,214.5,786.5,245.5,712.5,358.5,348.0
21.698046999999995,793.5,213.5,786.5,245.5,712.5,358.5,348.0
21.73137733333333,792.5,213.5,786.5,245.5,712.5,358.5,348.0
21.764707666666663,791.5,213.5,785.5,245.5,712.5,358.5,348.0
21.798037999999995,790.5,213.5,785.5,244.5,712.5,358.5,348.0
21.83136833333333,789.5,212.5,785.5,244.5,712.5,358.5,348.0
21.864698666666666,788.5,212.5,785.5,244.5,712.5,358.5,348.0
21.898029,787.5,212.5,784.5,244.5,712.5,358.5,348.0
21.93135933333333,786.5,212.5,784.5,244.5,712.5,358.5,348.0
21.96468966666666,785.5,211.5,784.5,244.5,712.5,358.5,348.0
21.99802,783.5,211.5,784.5,244.5,712.5,358.5,348.0
22.03135033333333,782.5,211.5,783.5,243.5,712.5,358.5,348.0
22.064680666666664,782.5,211.5,783.5,244.5,712.5,358.5,348.0
22.098011,781.5,211.5,783.5,243.5,712.5,358.5,348.0
22.131341333333328,780.5,211.5,783.5,244.5,712.5,358.5,348.0
22.164671666666663,779.5,211.5,782.5,243.5,712.5,358.5,348.0
22.198001999999995,778.5,211.5,782.5,243.5,712.5,358.5,348.0
22.23133233333333,777.5,211.5,781.5,243.5,712.5,358.5,348.0
22.264662666666663,776.5,212.5,781.5,243.5,712.5,358.5,348.0
22.297992999999995,775.5,212.5,781.5,243.5,712.5,358.5,348.0
22.33132333333333,774.5,212.5,781.5,243.5,712.5,358.5,348.0
22.364653666666666,773.5,212.5,780.5,243.5,712.5,358.5,348.0
22.397984,772.5,212.5,780.5,243.5,712.5,358.5,348.0
22.43131433333333,771.5,212.5,780.5,243.5,712.5,358.5,348.0
22.46464466666666,770.5,212.5,779.5,243.5,712.5,358.5,348.0
22.497975,768.5,213.5,779.5,243.5,712.5,358.5,348.0
22.53130533333333,767.5,213.5,779.5,243.5,712.5,358.5,348.0
22.564635666666664,766.5,213.5,778.5,243.5,712.5,358.5,348.0
22.597966,765.5,214.5,778.5,243.5,712.5,358.5,348.0
22.631296333333328,765.5,214.5,778.5,243.5,712.5,358.5,348.0
22.664626666666663,763.5,215.5,778.5,243.5,712.5,358.5,348.0
22.697956999999995,762.5,215.5,777.5,243.5,712.5,358.5,348.0
22.73128733333333,761.5,215.5,777.5,243.5,712.5,358.5,348.0
22.764617666666663,761.5,216.5,777.5,243.5,712.5,358.5,348.0
22.797947999999995,759.5,217.5,776.5,244.5,712.5,358.5,348.0
22.83127833333333,758.5,217.5,776.5,244.5,712.5,358.5,348.0
22.864608666666665,757.5,218.5,776.5,244.5,712.5,358.5,348.0
22.897939,757.5,218.5,775.5,244.5,712.5,358.5,348.0
22.93126933333333,756.5,219.5,775.5,244.5,712.5,358.5,348.0
22.96459966666666,755.5,220.5,775.5,244.5,712.5,358.5,348.0
22.99793,754.5,220.5,775.5,244.5,712.5,358.5,348.0
23.03126033333333,753.5,221.5,775.5,245.5,712.5,358.5,348.0
23.064590666666664,752.5,222.5,774.5,245.5,712.5,358.5,348.0
23.097921,751.5,222.5,774.5,245.5,712.5,358.5,348.0
23.131251333333328,750.5,223.5,773.5,245.5,712.5,358.5,348.0
23.164581666666663,749.5,224.5,773.5,245.5,712.5,358.5,348.0
23.197911999999995,749.5,224.5,773.5,245.5,712.5,358.5,348.0
23.23124233333333,748.5,226.5,773.5,245.5,712.5,358.5,348.0
23.264572666666663,747.5,226.5,773.5,245.5,712.5,358.5,348.0
23.297902999999994,746.5,227.5,772.5,245.5,712.5,358.5,348.0
23.33123333333333,746.5,228.5,772.5,246.5,712.5,358.5,348.0
23.364563666666665,745.5,228.5,772.5,246.5,712.5,358.5,348.0
23.397894,745.5,229.5,772.5,246.5,712.5,358.5,348.0
23.43122433333333,745.5,229.5,772.5,246.5,712.5,358.5,348.0
23.46455466666666,744.5,229.5,772.5,246.5,712.5,358.5,348.0
23.497885,744.5,230.5,772.5,246.5,712.5,358.5,348.0
23.53121533333333,744.5,230.5,771.5,246.5,712.5,358.5,348.0
23.564545666666664,743.5,231.5,771.5,246.5,712.5,358.5,348.0
23.597876,743.5,231.5,771.5,247.5,712.5,358.5,348.0
23.631206333333328,743.5,232.5,771.5,247.5,712.5,358.5,348.0
23.664536666666663,742.5,233.5,771.5,247.5,712.5,358.5,348.0
23.697866999999995,742.5,234.5,771.5,248.5,712.5,358.5,348.0
23.73119733333333,742.5,234.5,771.5,248.5,712.5,358.5,348.0
23.764527666666662,742.5,235.5,771.5,248.5,712.5,358.5,348.0
23.797857999999994,741.5,236.5,771.5,248.5,712.5,358.5,348.0
23.83118833333333,741.5,236.5,770.5,248.5,712.5,358.5,348.0
23.86451866666666,740.5,237.5,770.5,248.5,712.5,358.5,348.0
23.897849,740.5,238.5,770.5,248.5,712.5,358.5,348.0
23.93117933333333,740.5,239.5,770.5,248.5,712.5,358.5,348.0
23.96450966666666,739.5,239.5,770.5,249.5,712.5,358.5,348.0
23.99784,739.5,240.5,770.5,249.5,712.5,358.5,348.0
24.03117033333333,739.5,241.5,770.5,249.5,712.5,358.5,348.0
24.064500666666664,738.5,242.5,770.5,249.5,712.5,358.5,348.0
24.097831,739.5,242.5,769.5,249.5,712.5,358.5,348.0
24.131161333333328,738.5,243.5,769.5,250.5,712.5,358.5,348.0
24.164491666666663,738.5,244.5,769.5,250.5,712.5,358.5,348.0
24.197821999999995,738.5,245.5,769.5,250.5,712.5,358.5,348.0
24.23115233333333,737.5,246.5,769.5,250.5,712.5,358.5,348.0
24.264482666666662,737.5,247.5,769.5,250.5,712.5,358.5,348.0
24.297812999999994,737.5,247.5,769.5,251.5,712.5,358.5,348.0
24.33114333333333,737.5,248.5,769.5,251.5,712.5,358.5,348.0
24.36447366666666,737.5,249.5,769.5,251.5,712.5,358.5,348.0
24.397804,737.5,250.5,769.5,251.5,712.5,358.5,348.0
24.43113433333333,737.5,251.5,769.5,251.5,712.5,358.5,348.0
24.46446466666666,737.5,251.5,769.5,252.5,712.5,358.5,348.0
24.497795,737.5,252.5,769.5,252.5,712.5,358.5,348.0
24.53112533333333,737.5,253.5,769.5,252.5,712.5,358.5,348.0
24.564455666666664,737.5,254.5,769.5,252.5,712.5,358.5,348.0
24.597786,737.5,255.5,769.5,253.5,712.5,358.5,348.0
24.631116333333328,737.5,256.5,769.5,253.5,712.5,358.5,348.0
24.664446666666663,737.5,256.5,769.5,253.5,712.5,358.5,348.0
24.697776999999995,737.5,257.5,769.5,253.5,712.5,358.5,348.0
24.73110733333333,737.5,258.5,769.5,253.5,712.5,358.5,348.0
24.764437666666662,738.5,258.5,769.5,254.5,712.5,358.5,348.0
24.797767999999994,738.5,259.5,770.5,254.5,712.5,358.5,348.0
24.83109833333333,738.5,259.5,770.5,254.5,712.5,358.5,348.0
24.86442866666666,739.5,261.5,770.5,254.5,712.5,358.5,348.0
24.897759,739.5,261.5,770.5,255.5,712.5,358.5,348.0
24.93108933333333,739.5,262.5,771.5,255.5,712.5,358.5,348.0
24.96441966666666,739.5,263.5,771.5,255.5,712.5,358.5,348.0
24.99775,740.5,264.5,771.5,256.5,712.5,358.5,348.0
25.03108033333333,740.5,265.5,771.5,256.5,712.5,358.5,348.0
25.064410666666664,740.5,266.5,771.5,256.5,712.5,358.5,348.0
25.097741,741.5,267.5,771.5,256.5,712.5,358.5,348.0
25.131071333333328,741.5,267.5,771.5,256.5,712.5,358.5,348.0
25.164401666666663,742.5,268.5,772.5,257.5,712.5,358.5,348.0
25.197731999999995,742.5,269.5,772.5,256.5,712.5,358.5,348.0
25.23106233333333,743.5,269.5,772.5,257.5,712.5,358.5,348.0
25.264392666666662,743.5,270.5,772.5,257.5,712.5,358.5,348.0
25.297722999999998,744.5,271.5,773.5,257.5,712.5,358.5,348.0
25.33105333333333,745.5,272.5,773.5,257.5,712.5,358.5,348.0
25.36438366666666,745.5,273.5,773.5,257.5,712.5,358.5,348.0
25.397714,746.5,274.5,773.5,257.5,712.5,358.5,348.0
25.43104433333333,746.5,274.5,774.5,258.5,712.5,358.5,348.0
25.46437466666666,746.5,275.5,774.5,258.5,712.5,358.5,348.0
25.497705,747.5,275.5,775.5,258.5,712.5,358.5,348.0
25.531035333333328,748.5,276.5,775.5,258.5,712.5,358.5,348.0
25.564365666666664,748.5,276.5,775.5,258.5,712.5,358.5,348.0
25.597696,749.5,277.5,775.5,258.5,712.5,358.5,348.0
25.631026333333327,749.5,277.5,775.5,258.5,712.5,358.5,348.0
25.664356666666663,750.5,278.5,776.5,259.5,712.5,358.5,348.0
25.697686999999995,750.5,278.5,776.5,259.5,712.5,358.5,348.0
25.73101733333333,751.5,279.5,777.5,259.5,712.5,358.5,348.0
25.764347666666666,752.5,280.5,777.5,259.5,712.5,358.5,348.0
25.797677999999998,753.5,280.5,777.5,259.5,712.5,358.5,348.0
25.83100833333333,753.5,280.5,777.5,259.5,712.5,358.5,348.0
25.86433866666666,754.5,281.5,778.5,259.5,712.5,358.5,348.0
25.897669,755.5,281.5,778.5,259.5,712.5,358.5,348.0
25.93099933333333,756.5,282.5,779.5,259.5,712.5,358.5,348.0
25.96432966666666,757.5,282.5,779.5,259.5,712.5,358.5,348.0
25.99766,758.5,283.5,780.5,259.5,712.5,358.5,348.0
26.030990333333328,759.5,284.5,780.5,259.5,712.5,358.5,348.0
26.064320666666664,760.5,284.5,780.5,259.5,712.5,358.5,348.0
26.097650999999995,760.5,284.5,780.5,259.5,712.5,358.5,348.0
26.130981333333327,762.5,285.5,781.5,259.5,712.5,358.5,348.0
26.164311666666663,763.5,286.5,781.5,259.5,712.5,358.5,348.0
26.197641999999995,764.5,286.5,781.5,259.5,712.5,358.5,348.0
26.23097233333333,765.5,286.5,782.5,259.5,712.5,358.5,348.0
26.264302666666666,766.5,287.5,782.5,259.5,712.5,358.5,348.0
26.297632999999998,767.5,287.5,782.5,259.5,712.5,358.5,348.0
26.33096333333333,768.5,288.5,783.5,259.5,712.5,358.5,348.0
26.36429366666666,769.5,288.5,783.5,259.5,712.5,358.5,348.0
26.397624,769.5,288.5,783.5,259.5,712.5,358.5,348.0
26.43095433333333,769.5,288.5,783.5,259.5,712.5,358.5,348.0
26.46428466666666,769.5,288.5,783.5,259.5,712.5,358.5,348.0
26.497615,769.5,288.5,783.5,259.5,712.5,358.5,348.0
26.530945333333328,770.5,288.5,783.5,258.5,712.5,358.5,348.0
26.564275666666664,770.5,288.5,784.5,259.5,712.5,358.5,348.0
26.597605999999995,770.5,288.5,784.5,259.5,712.5,358.5,348.0
26.630936333333327,771.5,288.5,784.5,259.5,712.5,358.5,348.0
26.664266666666663,771.5,288.5,784.5,258.5,712.5,358.5,348.0
26.697596999999995,772.5,288.5,785.5,259.5,712.5,358.5,348.0
26.73092733333333,773.5,289.5,785.5,259.5,712.5,358.5,348.0
26.764257666666666,774.5,289.5,785.5,259.5,712.5,358.5,348.0
26.797587999999998,774.5,289.5,785.5,258.5,712.5,358.5,348.0
26.83091833333333,775.5,289.5,786.5,259.5,712.5,358.5,348.0
26.86424866666666,776.5,289.5,786.5,259.5,712.5,358.5,348.0
26.897579,776.5,289.5,786.5,259.5,712.5,358.5,348.0
26.93090933333333,777.5,290.5,786.5,258.5,712.5,358.5,348.0
26.96423966666666,778.5,290.5,786.5,258.5,712.5,358.5,348.0
26.99757,779.5,290.5,787.5,258.5,712.5,358.5,348.0
27.030900333333328,780.5,289.5,787.5,258.5,712.5,358.5,348.0
27.064230666666663,781.5,289.5,788.5,258.5,712.5,358.5,348.0
27.097560999999995,782.5,289.5,788.5,258.5,712.5,358.5,348.0
27.130891333333327,783.5,289.5,788.5,257.5,712.5,358.5,348.0
27.164221666666663,784.5,289.5,789.5,257.5,712.5,358.5,348.0
27.197551999999995,785.5,289.5,789.5,257.5,712.5,358.5,348.0
27.23088233333333,786.5,289.5,789.5,257.5,712.5,358.5,348.0
27.264212666666666,787.5,289.5,789.5,257.5,712.5,358.5,348.0
27.297542999999997,788.5,289.5,789.5,256.5,712.5,358.5,348.0
27.33087333333333,789.5,288.5,790.5,256.5,712.5,358.5,348.0
27.36420366666666,790.5,288.5,790.5,256.5,712.5,358.5,348.0
27.397534,791.5,288.5,790.5,256.5,712.5,358.5,348.0
27.43086433333333,792.5,288.5,790.5,256.5,712.5,358.5,348.0
27.46419466666666,793.5,287.5,791.5,255.5,712.5,358.5,348.0
27.497525,794.5,287.5,791.5,255.5,712.5,358.5,348.0
27.530855333333328,796.5,287.5,791.5,255.5,712.5,358.5,348.0
27.564185666666663,797.5,286.5,791.5,255.5,712.5,358.5,348.0
27.597515999999995,798.5,286.5,791.5,255.5,712.5,358.5,348.0
27.630846333333327,799.5,285.5,791.5,254.5,712.5,358.5,348.0
27.664176666666663,799.5,285.5,792.5,254.5,712.5,358.5,348.0
27.697506999999995,800.5,284.5,792.5,253.5,712.5,358.5,348.0
27.73083733333333,801.5,283.5,792.5,253.5,712.5,358.5,348.0
27.764167666666665,802.5,283.5,792.5,252.5,712.5,358.5,348.0
27.797497999999997,802.5,282.5,792.5,252.5,712.5,358.5,348.0
27.83082833333333,803.5,281.5,793.5,251.5,712.5,358.5,348.0
27.86415866666666,804.5,281.5,793.5,251.5,712.5,358.5,348.0
27.897489,805.5,280.5,793.5,250.5,712.5,358.5,348.0
27.93081933333333,806.5,279.5,793.5,250.5,712.5,358.5,348.0
27.96414966666666,806.5,279.5,793.5,249.5,712.5,358.5,348.0
27.99748,807.5,278.5,793.5,249.5,712.5,358.5,348.0
28.030810333333328,807.5,277.5,793.5,248.5,712.5,358.5,348.0
28.064140666666663,808.5,276.5,794.5,248.5,712.5,358.5,348.0
28.097470999999995,809.5,276.5,794.5,247.5,712.5,358.5,348.0
28.130801333333327,810.5,275.5,794.5,247.5,712.5,358.5,348.0
28.164131666666663,811.5,274.5,794.5,247.5,712.5,358.5,348.0
28.197461999999994,811.5,273.5,794.5,246.5,712.5,358.5,348.0
28.23079233333333,812.5,272.5,794.5,246.5,712.5,358.5,348.0
28.264122666666665,813.5,271.5,794.5,245.5,712.5,358.5,348.0
28.297452999999997,813.5,270.5,794.5,244.5,712.5,358.5,348.0
28.33078333333333,814.5,269.5,794.5,244.5,712.5,358.5,348.0
28.36411366666666,815.5,268.5,794.5,244.5,712.5,358.5,348.0
28.397444,815.5,267.5,794.5,243.5,712.5,358.5,348.0
28.43077433333333,815.5,267.5,794.5,243.5,712.5,358.5,348.0
28.46410466666666,816.5,266.5,794.5,242.5,712.5,358.5,348.0
28.497435,817.5,264.5,794.5,242.5,712.5,358.5,348.0
28.530765333333328,817.5,264.5,794.5,242.5,712.5,358.5,348.0
28.564095666666663,818.5,262.5,794.5,241.5,712.5,358.5,348.0
28.597425999999995,818.5,262.5,794.5,241.5,712.5,358.5,348.0
28.630756333333327,819.5,260.5,794.5,240.5,712.5,358.5,348.0
28.664086666666662,819.5,259.5,794.5,239.5,712.5,358.5,348.0
28.697416999999994,819.5,258.5,794.5,239.5,712.5,358.5,348.0
28.73074733333333,820.5,257.5,794.5,238.5,712.5,358.5,348.0
28.76407766666666,820.5,256.5,794.5,238.5,712.5,358.5,348.0
28.797407999999997,821.5,254.5,794.5,238.5,712.5,358.5,348.0
28.83073833333333,821.5,254.5,794.5,237.5,712.5,358.5,348.0
28.86406866666666,821.5,253.5,794.5,236.5,712.5,358.5,348.0
28.897399,822.5,252.5,794.5,236.5,712.5,358.5,348.0
28.93072933333333,822.5,250.5,794.5,235.5,712.5,358.5,348.0
28.96405966666666,822.5,249.5,793.5,235.5,712.5,358.5,348.0
28.99739,823.5,248.5,793.5,235.5,712.5,358.5,348.0
29.030720333333328,823.5,247.5,793.5,234.5,712.5,358.5,348.0
29.064050666666663,823.5,246.5,793.5,234.5,712.5,358.5,348.0
29.097380999999995,823.5,244.5,793.5,233.5,712.5,358.5,348.0
29.130711333333327,823.5,243.5,792.5,233.5,712.5,358.5,348.0
29.164041666666662,823.5,242.5,792.5,233.5,712.5,358.5,348.0
29.197371999999994,823.5,241.5,792.5,232.5,712.5,358.5,348.0
29.23070233333333,823.5,240.5,792.5,232.5,712.5,358.5,348.0
29.26403266666666,823.5,239.5,792.5,231.5,712.5,358.5,348.0
29.297362999999997,823.5,238.5,791.5,231.5,712.5,358.5,348.0
29.33069333333333,823.5,236.5,791.5,231.5,712.5,358.5,348.0
29.36402366666666,823.5,235.5,791.5,230.5,712.5,358.5,348.0
29.397354,822.5,234.5,790.5,230.5,712.5,358.5,348.0
29.43068433333333,822.5,233.5,790.5,230.5,712.5,358.5,348.0
29.46401466666666,822.5,232.5,790.5,229.5,712.5,358.5,348.0
29.497345,822.5,232.5,790.5,229.5,712.5,358.5,348.0
29.530675333333328,822.5,232.5,790.5,230.5,712.5,358.5,348.0
29.564005666666663,822.5,231.5,790.5,229.5,712.5,358.5,348.0
29.597335999999995,822.5,231.5,790.5,229.5,712.5,358.5,348.0
29.630666333333327,822.5,231.5,790.5,229.5,712.5,358.5,348.0
29.663996666666662,822.5,230.5,790.5,228.5,712.5,358.5,348.0
29.697326999999994,822.5,229.5,790.5,228.5,712.5,358.5,348.0
29.73065733333333,822.5,228.5,790.5,228.5,712.5,358.5,348.0
29.76398766666666,822.5,227.5,790.5,227.5,712.5,358.5,348.0
29.797317999999997,822.5,226.5,789.5,227.5,712.5,358.5,348.0
29.83064833333333,821.5,225.5,789.5,227.5,712.5,358.5,348.0
29.86397866666666,821.5,224.5,789.5,227.5,712.5,358.5,348.0
29.897309,821.5,223.5,789.5,227.5,712.5,358.5,348.0
29.93063933333333,821.5,222.5,789.5,227.5,712.5,358.5,348.0
29.96396966666666,820.5,221.5,788.5,226.5,712.5,358.5,348.0
29.9973,820.5,220.5,788.5,226.5,712.5,358.5,348.0
30.030630333333328,819.5,219.5,788.5,226.5,712.5,358.5,348.0
30.063960666666663,819.5,218.5,787.5,225.5,712.5,358.5,348.0
30.097290999999995,818.5,217.5,787.5,225.5,712.5,358.5,348.0
30.130621333333327,818.5,216.5,787.5,225.5,712.5,358.5,348.0
30.163951666666662,817.5,215.5,787.5,225.5,712.5,358.5,348.0
30.197281999999998,817.5,214.5,786.5,224.5,712.5,358.5,348.0
30.23061233333333,816.5,213.5,786.5,224.5,712.5,358.5,348.0
30.26394266666666,815.5,212.5,786.5,224.5,712.5,358.5,348.0
30.297272999999997,815.5,211.5,785.5,224.5,712.5,358.5,348.0
30.33060333333333,814.5,211.5,785.5,224.5,712.5,358.5,348.0
30.36393366666666,813.5,210.5,784.5,223.5,712.5,358.5,348.0
30.397264,813.5,209.5,784.5,223.5,712.5,358.5,348.0
30.430594333333328,812.5,208.5,784.5,223.5,712.5,358.5,348.0
30.46392466666666,812.5,207.5,784.5,223.5,712.5,358.5,348.0
30.497255,811.5,206.5,784.5,223.5,712.5,358.5,348.0
30.530585333333327,810.5,205.5,783.5,222.5,712.5,358.5,348.0
30.563915666666663,809.5,204.5,783.5,222.5,712.5,358.5,348.0
30.597245999999995,809.5,203.5,783.5,222.5,712.5,358.5,348.0
30.630576333333327,808.5,202.5,783.5,222.5,712.5,358.5,348.0
30.663906666666666,807.5,201.5,782.5,222.5,712.5,358.5,348.0
30.697236999999998,806.5,200.5,782.5,222.5,712.5,358.5,348.0
30.73056733333333,806.5,200.5,782.5,222.5,712.5,358.5,348.0
30.76389766666666,805.5,199.5,782.5,222.5,712.5,358.5,348.0
30.797227999999997,804.5,198.5,782.5,222.5,712.5,358.5,348.0
30.83055833333333,803.5,197.5,782.5,222.5,712.5,358.5,348.0
30.86388866666666,802.5,196.5,781.5,221.5,712.5,358.5,348.0
30.897219,801.5,196.5,781.5,221.5,712.5,358.5,348.0
30.930549333333328,800.5,195.5,781.5,221.5,712.5,358.5,348.0
30.96387966666666,799.5,194.5,781.5,221.5,712.5,358.5,348.0
30.997209999999995,797.5,194.5,780.5,221.5,712.5,358.5,348.0
31.030540333333327,796.5,193.5,780.5,221.5,712.5,358.5,348.0
31.063870666666663,795.5,192.5,780.5,221.5,712.5,358.5,348.0
31.097200999999995,794.5,192.5,780.5,221.5,712.5,358.5,348.0
31.130531333333327,793.5,192.5,779.5,221.5,712.5,358.5,348.0
31.163861666666666,792.5,191.5,779.5,221.5,712.5,358.5,348.0
31.197191999999998,791.5,191.5,779.5,221.5,712.5,358.5,348.0
31.23052233333333,790.5,191.5,779.5,221.5,712.5,358.5,348.0
31.26385266666666,789.5,190.5,778.5,221.5,712.5,358.5,348.0
31.297182999999997,787.5,190.5,778.5,221.5,712.5,358.5,348.0
31.33051333333333,786.5,189.5,778.5,221.5,712.5,358.5,348.0
31.36384366666666,785.5,189.5,777.5,221.5,712.5,358.5,348.0
31.397174,784.5,189.5,777.5,221.5,712.5,358.5,348.0
31.430504333333328,782.5,189.5,777.5,221.5,712.5,358.5,348.0
31.46383466666666,781.5,189.5,777.5,221.5,712.5,358.5,348.0
31.497164999999995,780.5,189.5,777.5,221.5,712.5,358.5,348.0
31.530495333333327,779.5,189.5,776.5,221.5,712.5,358.5,348.0
31.563825666666663,777.5,189.5,776.5,221.5,712.5,358.5,348.0
31.597155999999995,776.5,189.5,776.5,221.5,712.5,358.5,348.0
31.630486333333327,775.5,189.5,775.5,221.5,712.5,358.5,348.0
31.663816666666666,774.5,189.5,775.5,221.5,712.5,358.5,348.0
31.697146999999998,773.5,189.5,775.5,221.5,712.5,358.5,348.0
31.73047733333333,771.5,189.5,775.5,221.5,712.5,358.5,348.0
31.76380766666666,770.5,189.5,774.5,221.5,712.5,358.5,348.0
31.797137999999997,769.5,190.5,774.5,221.5,712.5,358.5,348.0
31.83046833333333,768.5,190.5,774.5,221.5,712.5,358.5,348.0
31.86379866666666,766.5,190.5,774.5,221.5,712.5,358.5,348.0
31.897129,765.5,190.5,773.5,221.5,712.5,358.5,348.0
31.930459333333328,764.5,190.5,773.5,221.5,712.5,358.5,348.0
31.96378966666666,763.5,191.5,773.5,221.5,712.5,358.5,348.0
31.997119999999995,762.5,191.5,773.5,221.5,712.5,358.5,348.0
32.03045033333333,761.5,191.5,772.5,221.5,712.5,358.5,348.0
32.06378066666666,761.5,191.5,772.5,221.5,712.5,358.5,348.0
32.09711099999999,759.5,192.5,772.5,221.5,712.5,358.5,348.0
32.13044133333333,758.5,192.5,771.5,221.5,712.5,358.5,348.0
32.16377166666666,757.5,192.5,771.5,221.5,712.5,358.5,348.0
32.197101999999994,756.5,193.5,771.5,221.5,712.5,358.5,348.0
32.230432333333326,755.5,193.5,771.5,222.5,712.5,358.5,348.0
32.26376266666666,754.5,193.5,770.5,221.5,712.5,358.5,348.0
32.297093,754.5,194.5,770.5,221.5,712.5,358.5,348.0
32.33042333333333,753.5,194.5,770.5,221.5,712.5,358.5,348.0
32.36375366666666,752.5,194.5,770.5,221.5,712.5,358.5,348.0
32.39708399999999,751.5,195.5,769.5,222.5,712.5,358.5,348.0
32.430414333333324,750.5,195.5,769.5,222.5,712.5,358.5,348.0
32.46374466666666,749.5,196.5,768.5,222.5,712.5,358.5,348.0
32.497074999999995,749.5,196.5,768.5,222.5,712.5,358.5,348.0
32.53040533333333,749.5,196.5,768.5,222.5,712.5,358.5,348.0
32.56373566666666,749.5,196.5,768.5,222.5,712.5,358.5,348.0
32.59706599999999,748.5,197.5,768.5,222.5,712.5,358.5,348.0
32.63039633333333,748.5,197.5,768.5,222.5,712.5,358.5,348.0
32.66372666666666,748.5,197.5,768.5,222.5,712.5,358.5,348.0
32.697056999999994,748.5,197.5,768.5,222.5,712.5,358.5,348.0
32.730387333333326,748.5,197.5,768.5,222.5,712.5,358.5,348.0
32.76371766666666,748.5,197.5,767.5,222.5,712.5,358.5,348.0
32.797048,748.5,197.5,767.5,222.5,712.5,358.5,348.0
32.83037833333333,748.5,196.5,767.5,222.5,712.5,358.5,348.0
32.86370866666666,747.5,196.5,767.5,222.5,712.5,358.5,348.0
32.89703899999999,748.5,196.5,766.5,222.5,712.5,358.5,348.0
32.930369333333324,747.5,196.5,766.5,222.5,712.5,358.5,348.0
32.96369966666666,747.5,196.5,766.5,222.5,712.5,358.5,348.0
32.997029999999995,747.5,196.5,765.5,223.5,712.5,358.5,348.0
33.03036033333333,747.5,196.5,764.5,223.5,712.5,358.5,348.0
33.06369066666666,746.5,196.5,764.5,223.5,712.5,358.5,348.0
33.09702099999999,746.5,196.5,763.5,223.5,712.5,358.5,348.0
33.13035133333333,746.5,196.5,762.5,224.5,712.5,358.5,348.0
33.16368166666666,746.5,196.5,762.5,223.5,712.5,358.5,348.0
33.197011999999994,746.5,195.5,760.5,224.5,712.5,358.5,348.0
33.230342333333326,745.5,195.5,760.5,224.5,712.5,358.5,348.0
33.26367266666666,745.5,195.5,759.5,224.5,712.5,358.5,348.0
33.297003,745.5,195.5,758.5,224.5,712.5,358.5,348.0
33.33033333333333,745.5,194.5,757.5,224.5,712.5,358.5,348.0
33.36366366666666,744.5,195.5,756.5,224.5,712.5,358.5,348.0
33.39699399999999,744.5,194.5,755.5,225.5,712.5,358.5,348.0
33.430324333333324,744.5,194.5,754.5,225.5,712.5,358.5,348.0
33.46365466666666,744.5,194.5,754.5,224.5,712.5,358.5,348.0
33.496984999999995,744.5,194.5,753.5,224.5,712.5,358.5,348.0
33.53031533333333,743.5,193.5,752.5,224.5,712.5,358.5,348.0
33.56364566666666,743.5,193.5,751.5,225.5,712.5,358.5,348.0
33.59697599999999,743.5,193.5,750.5,225.5,712.5,358.5,348.0
33.63030633333333,743.5,193.5,749.5,224.5,712.5,358.5,348.0
33.66363666666666,743.5,193.5,748.5,224.5,712.5,358.5,348.0
33.696966999999994,743.5,193.5,747.5,224.5,712.5,358.5,348.0
33.730297333333326,742.5,192.5,746.5,224.5,712.5,358.5,348.0
33.76362766666666,742.5,192.5,745.5,224.5,712.5,358.5,348.0
33.796958,742.5,192.5,744.5,224.5,712.5,358.5,348.0
33.83028833333333,742.5,191.5,743.5,224.5,712.5,358.5,348.0
33.86361866666666,742.5,191.5,742.5,223.5,712.5,358.5,348.0
33.89694899999999,742.5,191.5,741.5,223.5,712.5,358.5,348.0
33.930279333333324,741.5,190.5,740.5,223.5,712.5,358.5,348.0
33.96360966666666,741.5,190.5,739.5,222.5,712.5,358.5,348.0
33.996939999999995,741.5,190.5,738.5,222.5,712.5,358.5,348.0
34.03027033333333,741.5,189.5,738.5,222.5,712.5,358.5,348.0
34.06360066666666,741.5,189.5,737.5,221.5,712.5,358.5,348.0
34.09693099999999,741.5,189.5,736.5,221.5,712.5,358.5,348.0
34.13026133333333,741.5,189.5,735.5,220.5,712.5,358.5,348.0
34.16359166666666,740.5,188.5,734.5,220.5,712.5,358.5,348.0
34.196921999999994,740.5,188.5,733.5,220.5,712.5,358.5,348.0
34.230252333333326,740.5,188.5,732.5,219.5,712.5,358.5,348.0
34.26358266666666,740.5,187.5,731.5,218.5,712.5,358.5,348.0
34.296913,740.5,187.5,730.5,218.5,712.5,358.5,348.0
34.33024333333333,740.5,187.5,729.5,217.5,712.5,358.5,348.0
34.36357366666666,740.5,187.5,728.5,217.5,712.5,358.5,348.0
34.39690399999999,740.5,186.5,727.5,216.5,712.5,358.5,348.0
34.430234333333324,740.5,186.5,727.5,215.5,712.5,358.5,348.0
34.46356466666666,740.5,186.5,726.5,215.5,712.5,358.5,348.0
34.496894999999995,740.5,185.5,725.5,214.5,712.5,358.5,348.0
34.53022533333333,740.5,185.5,724.5,213.5,712.5,358.5,348.0
34.56355566666666,740.5,185.5,724.5,213.5,712.5,358.5,348.0
34.59688599999999,740.5,184.5,723.5,212.5,712.5,358.5,348.0
34.63021633333333,740.5,184.5,722.5,211.5,712.5,358.5,348.0
34.66354666666666,740.5,184.5,721.5,210.5,712.5,358.5,348.0
34.69687699999999,740.5,184.5,720.5,209.5,712.5,358.5,348.0
34.730207333333325,740.5,183.5,720.5,208.5,712.5,358.5,348.0
34.76353766666666,740.5,183.5,719.5,207.5,712.5,358.5,348.0
34.796868,740.5,183.5,718.5,207.5,712.5,358.5,348.0
34.83019833333333,740.5,182.5,718.5,206.5,712.5,358.5,348.0
34.86352866666666,740.5,182.5,717.5,205.5,712.5,358.5,348.0
34.89685899999999,740.5,182.5,717.5,204.5,712.5,358.5,348.0
34.930189333333324,740.5,182.5,716.5,203.5,712.5,358.5,348.0
34.96351966666666,740.5,181.5,715.5,202.5,712.5,358.5,348.0
34.996849999999995,740.5,181.5,715.5,201.5,712.5,358.5,348.0
35.03018033333333,740.5,181.5,714.5,200.5,712.5,358.5,348.0
35.06351066666666,740.5,181.5,714.5,199.5,712.5,358.5,348.0
35.09684099999999,741.5,181.5,713.5,198.5,712.5,358.5,348.0
35.13017133333333,740.5,180.5,713.5,197.5,712.5,358.5,348.0
35.16350166666666,740.5,180.5,713.5,196.5,712.5,358.5,348.0
35.19683199999999,740.5,180.5,712.5,195.5,712.5,358.5,348.0
35.230162333333325,741.5,180.5,712.5,194.5,712.5,358.5,348.0
35.26349266666666,741.5,180.5,712.5,193.5,712.5,358.5,348.0
35.296823,741.5,180.5,711.5,192.5,712.5,358.5,348.0
35.33015333333333,741.5,179.5,711.5,191.5,712.5,358.5,348.0
35.36348366666666,741.5,179.5,711.5,190.5,712.5,358.5,348.0
35.39681399999999,741.5,179.5,711.5,189.5,712.5,358.5,348.0
35.430144333333324,741.5,179.5,710.5,187.5,712.5,358.5,348.0
35.46347466666666,741.5,179.5,710.5,187.5,712.5,358.5,348.0
35.496804999999995,742.5,178.5,710.5,185.5,712.5,358.5,348.0
35.53013533333333,742.5,178.5,710.5,184.5,712.5,358.5,348.0
35.56346566666666,742.5,178.5,710.5,183.5,712.5,358.5,348.0
35.59679599999999,742.5,178.5,710.5,183.5,712.5,358.5,348.0
35.63012633333333,742.5,178.5,710.5,183.5,712.5,358.5,348.0
35.66345666666666,742.5,178.5,710.5,183.5,712.5,358.5,348.0
35.69678699999999,742.5,178.5,710.5,182.5,712.5,358.5,348.0
35.730117333333325,742.5,178.5,710.5,182.5,712.5,358.5,348.0
35.76344766666666,742.5,178.5,710.5,183.5,712.5,358.5,348.0
35.796778,742.5,178.5,710.5,182.5,712.5,358.5,348.0
35.83010833333333,742.5,177.5,710.5,182.5,712.5,358.5,348.0
35.86343866666666,741.5,177.5,710.5,182.5,712.5,358.5,348.0
35.89676899999999,741.5,177.5,710.5,182.5,712.5,358.5,348.0
35.930099333333324,741.5,177.5,710.5,182.5,712.5,358.5,348.0
35.96342966666666,741.5,176.5,710.5,181.5,712.5,358.5,348.0
35.996759999999995,741.5,176.5,710.5,181.5,712.5,358.5,348.0
36.03009033333333,741.5,176.5,710.5,181.5,712.5,358.5,348.0
36.06342066666666,741.5,175.5,710.5,181.5,712.5,358.5,348.0
36.09675099999999,740.5,174.5,709.5,180.5,712.5,358.5,348.0
36.13008133333333,740.5,174.5,709.5,180.5,712.5,358.5,348.0
36.16341166666666,740.5,173.5,708.5,179.5,712.5,358.5,348.0
36.19674199999999,739.5,172.5,708.5,179.5,712.5,358.5,348.0
36.230072333333325,739.5,172.5,708.5,179.5,712.5,358.5,348.0
36.26340266666666,739.5,171.5,708.5,179.5,712.5,358.5,348.0
36.296733,738.5,170.5,707.5,178.5,712.5,358.5,348.0
36.33006333333333,737.5,169.5,707.5,178.5,712.5,358.5,348.0
36.36339366666666,737.5,168.5,707.5,178.5,712.5,358.5,348.0
36.39672399999999,737.5,167.5,707.5,178.5,712.5,358.5,348.0
36.43005433333333,737.5,167.5,706.5,177.5,712.5,358.5,348.0
36.46338466666666,736.5,166.5,706.5,177.5,712.5,358.5,348.0
36.496715,736.5,165.5,706.5,177.5,712.5,358.5,348.0
36.53004533333333,735.5,164.5,706.5,177.5,712.5,358.5,348.0
36.56337566666666,734.5,163.5,706.5,177.5,712.5,358.5,348.0
36.59670599999999,734.5,162.5,705.5,176.5,712.5,358.5,348.0
36.63003633333333,733.5,161.5,705.5,176.5,712.5,358.5,348.0
36.66336666666666,732.5,160.5,705.5,176.5,712.5,358.5,348.0
36.69669699999999,732.5,159.5,704.5,176.5,712.5,358.5,348.0
36.730027333333325,731.5,158.5,704.5,176.5,712.5,358.5,348.0
36.76335766666666,730.5,157.5,704.5,176.5,712.5,358.5,348.0
36.796688,730.5,157.5,704.5,176.5,712.5,358.5,348.0
36.83001833333333,729.5,156.5,703.5,175.5,712.5,358.5,348.0
36.86334866666666,728.5,156.5,702.5,175.5,712.5,358.5,348.0
36.89667899999999,727.5,155.5,702.5,175.5,712.5,358.5,348.0
36.93000933333333,726.5,154.5,701.5,175.5,712.5,358.5,348.0
36.96333966666666,725.5,154.5,701.5,175.5,712.5,358.5,348.0
36.99667,724.5,153.5,700.5,175.5,712.5,358.5,348.0
37.03000033333333,723.5,153.5,700.5,175.5,712.5,358.5,348.0
37.06333066666666,722.5,152.5,699.5,175.5,712.5,358.5,348.0
37.09666099999999,721.5,152.5,699.5,175.5,712.5,358.5,348.0
37.12999133333333,720.5,151.5,698.5,175.5,712.5,358.5,348.0
37.16332166666666,719.5,151.5,698.5,175.5,712.5,358.5,348.0
37.19665199999999,718.5,150.5,697.5,175.5,712.5,358.5,348.0
37.229982333333325,717.5,149.5,697.5,175.5,712.5,358.5,348.0
37.26331266666666,716.5,149.5,696.5,175.5,712.5,358.5,348.0
37.296643,715.5,149.5,696.5,175.5,712.5,358.5,348.0
37.32997333333333,714.5,148.5,695.5,175.5,712.5,358.5,348.0
37.36330366666666,712.5,148.5,695.5,175.5,712.5,358.5,348.0
37.39663399999999,711.5,148.5,694.5,175.5,712.5,358.5,348.0
37.42996433333333,710.5,148.5,694.5,175.5,712.5,358.5,348.0
37.46329466666666,709.5,147.5,693.5,176.5,712.5,358.5,348.0
37.496625,707.5,147.5,693.5,176.5,712.5,358.5,348.0
37.52995533333333,707.5,147.5,692.5,176.5,712.5,358.5,348.0
37.56328566666666,706.5,147.5,692.5,176.5,712.5,358.5,348.0
37.59661599999999,704.5,147.5,692.5,176.5,712.5,358.5,348.0
37.62994633333333,703.5,146.5,691.5,176.5,712.5,358.5,348.0
37.66327666666666,702.5,146.5,691.5,176.5,712.5,358.5,348.0
37.69660699999999,701.5,146.5,690.5,176.5,712.5,358.5,348.0
37.729937333333325,700.5,146.5,690.5,176.5,712.5,358.5,348.0
37.76326766666666,698.5,146.5,690.5,176.5,712.5,358.5,348.0
37.796598,697.5,145.5,689.5,177.5,712.5,358.5,348.0
37.82992833333333,696.5,146.5,689.5,177.5,712.5,358.5,348.0
37.86325866666666,694.5,145.5,688.5,177.5,712.5,358.5,348.0
37.89658899999999,693.5,145.5,688.5,177.5,712.5,358.5,348.0
37.92991933333332,692.5,145.5,688.5,177.5,712.5,358.5,348.0
37.96324966666666,691.5,145.5,687.5,177.5,712.5,358.5,348.0
37.99658,689.5,145.5,687.5,178.5,712.5,358.5,348.0
38.029910333333326,688.5,145.5,687.5,177.5,712.5,358.5,348.0
38.06324066666666,687.5,145.5,687.5,178.5,712.5,358.5,348.0
38.09657099999999,686.5,146.5,686.5,178.5,712.5,358.5,348.0
38.12990133333333,685.5,146.5,686.5,178.5,712.5,358.5,348.0
38.16323166666666,683.5,146.5,686.5,179.5,712.5,358.5,348.0
38.19656199999999,682.5,146.5,685.5,179.5,712.5,358.5,348.0
38.229892333333325,681.5,147.5,685.5,179.5,712.5,358.5,348.0
38.26322266666666,680.5,147.5,685.5,179.5,712.5,358.5,348.0
38.296553,678.5,148.5,685.5,179.5,712.5,358.5,348.0
38.32988333333333,677.5,148.5,684.5,179.5,712.5,358.5,348.0
38.36321366666666,676.5,148.5,684.5,180.5,712.5,358.5,348.0
38.39654399999999,675.5,149.5,684.5,179.5,712.5,358.5,348.0
38.42987433333332,673.5,149.5,684.5,180.5,712.5,358.5,348.0
38.46320466666666,672.5,150.5,683.5,180.5,712.5,358.5,348.0
38.496535,671.5,150.5,683.5,180.5,712.5,358.5,348.0
38.529865333333326,670.5,151.5,683.5,180.5,712.5,358.5,348.0
38.56319566666666,669.5,151.5,683.5,180.5,712.5,358.5,348.0
38.59652599999999,668.5,152.5,683.5,180.5,712.5,358.5,348.0
38.62985633333333,667.5,153.5,683.5,181.5,712.5,358.5,348.0
38.66318666666666,666.5,153.5,682.5,181.5,712.5,358.5,348.0
38.69651699999999,666.5,153.5,682.5,181.5,712.5,358.5,348.0
38.729847333333325,666.5,153.5,682.5,181.5,712.5,358.5,348.0
38.76317766666666,665.5,153.5,682.5,181.5,712.5,358.5,348.0
38.796508,665.5,153.5,681.5,181.5,712.5,358.5,348.0
38.82983833333333,664.5,154.5,681.5,181.5,712.5,358.5,348.0
38.86316866666666,664.5,154.5,681.5,181.5,712.5,358.5,348.0
38.89649899999999,663.5,154.5,681.5,181.5,712.5,358.5,348.0
38.92982933333332,662.5,155.5,681.5,181.5,712.5,358.5,348.0
38.96315966666666,662.5,155.5,680.5,182.5,712.5,358.5,348.0
38.99649,662.5,155.5,680.5,182.5,712.5,358.5,348.0
39.029820333333326,661.5,156.5,680.5,182.5,712.5,358.5,348.0
39.06315066666666,660.5,157.5,680.5,182.5,712.5,358.5,348.0
39.09648099999999,660.5,157.5,680.5,182.5,712.5,358.5,348.0
39.12981133333333,659.5,158.5,680.5,182.5,712.5,358.5,348.0
39.16314166666666,658.5,159.5,680.5,183.5,712.5,358.5,348.0
39.19647199999999,657.5,159.5,679.5,183.5,712.5,358.5,348.0
39.229802333333325,657.5,160.5,679.5,183.5,712.5,358.5,348.0
39.26313266666666,656.5,160.5,679.5,183.5,712.5,358.5,348.0
39.296463,656.5,161.5,679.5,183.5,712.5,358.5,348.0
39.32979333333333,655.5,161.5,679.5,183.5,712.5,358.5,348.0
39.36312366666666,655.5,162.5,678.5,184.5,712.5,358.5,348.0
39.39645399999999,654.5,163.5,678.5,184.5,712.5,358.5,348.0
39.42978433333332,654.5,163.5,678.5,184.5,712.5,358.5,348.0
39.46311466666666,654.5,164.5,678.5,185.5,712.5,358.5,348.0
39.496445,653.5,165.5,678.5,185.5,712.5,358.5,348.0
39.529775333333326,652.5,166.5,678.5,185.5,712.5,358.5,348.0
39.56310566666666,651.5,167.5,678.5,185.5,712.5,358.5,348.0
39.59643599999999,651.5,168.5,677.5,186.5,712.5,358.5,348.0
39.62976633333333,650.5,169.5,677.5,186.5,712.5,358.5,348.0
39.66309666666666,650.5,170.5,677.5,186.5,712.5,358.5,348.0
39.69642699999999,650.5,171.5,677.5,186.5,712.5,358.5,348.0
39.729757333333325,649.5,172.5,677.5,187.5,712.5,358.5,348.0
39.76308766666666,648.5,173.5,677.5,187.5,712.5,358.5,348.0
39.796418,648.5,173.5,677.5,187.5,712.5,358.5,348.0
39.82974833333333,648.5,174.5,677.5,187.5,712.5,358.5,348.0
39.86307866666666,648.5,174.5,677.5,188.5,712.5,358.5,348.0
39.89640899999999,648.5,175.5,677.5,188.5,712.5,358.5,348.0
39.92973933333332,648.5,177.5,677.5,189.5,712.5,358.5,348.0
39.96306966666666,648.5,177.5,677.5,189.5,712.5,358.5,348.0
