TIME,I_L,J_L,I_R,J_R
0.0,628.5,265.5,605.5,287.5
0.033330293070391676,629.5,265.5,604.5,287.5
0.06666058614078335,628.5,264.5,604.5,286.5
0.09999087921117503,628.5,264.5,603.5,285.5
0.1333211722815667,628.5,264.5,603.5,285.5
0.16665146535195838,629.5,263.5,603.5,284.5
0.19998175842235005,628.5,263.5,602.5,283.5
0.2333120514927417,628.5,263.5,602.5,282.5
0.2666423445631334,629.5,263.5,602.5,282.5
0.29997263763352505,629.5,262.5,602.5,281.5
0.33330293070391676,629.5,262.5,601.5,280.5
0.3666332237743084,629.5,262.5,601.5,280.5
0.3999635168447001,629.5,262.5,601.5,279.5
0.43329380991509175,629.5,261.5,601.5,278.5
0.4666241029854834,629.5,261.5,601.5,278.5
0.4999543960558751,629.5,261.5,601.5,278.5
0.5332846891262668,629.5,261.5,601.5,278.5
0.5666149821966584,629.5,261.5,601.5,278.5
0.5999452752670501,629.5,261.5,601.5,278.5
0.6332755683374418,629.5,261.5,601.5,278.5
0.6666058614078335,629.5,261.5,600.5,278.5
0.6999361544782251,628.5,261.5,600.5,278.5
0.7332664475486168,628.5,260.5,600.5,278.5
0.7665967406190085,628.5,260.5,600.5,277.5
0.7999270336894002,628.5,260.5,600.5,277.5
0.8332573267597918,627.5,259.5,600.5,277.5
0.8665876198301835,627.5,259.5,600.5,277.5
0.8999179129005752,626.5,258.5,600.5,277.5
0.9332482059709668,626.5,258.5,599.5,276.5
0.9665784990413585,625.5,257.5,599.5,276.5
0.9999087921117502,624.5,257.5,598.5,276.5
1.0332390851821418,624.5,256.5,598.5,276.5
1.0665693782525336,623.5,256.5,598.5,276.5
1.0998996713229252,623.5,255.5,597.5,276.5
1.1332299643933168,622.5,254.5,597.5,275.5
1.1665602574637086,621.5,254.5,597.5,275.5
1.1998905505341002,621.5,253.5,596.5,275.5
1.233220843604492,620.5,253.5,596.5,275.5
1.2665511366748836,619.5,252.5,596.5,275.5
1.2998814297452752,618.5,252.5,595.5,275.5
1.333211722815667,617.5,251.5,595.5,274.5
1.3665420158860586,616.5,250.5,595.5,274.5
1.3998723089564502,616.5,249.5,594.5,274.5
1.433202602026842,615.5,249.5,594.5,274.5
1.4665328950972336,614.5,248.5,593.5,274.5
1.4998631881676252,613.5,248.5,593.5,274.5
1.533193481238017,612.5,248.5,593.5,274.5
1.5665237743084086,611.5,247.5,593.5,274.5
1.5998540673788004,611.5,247.5,593.5,274.5
1.633184360449192,611.5,247.5,592.5,274.5
1.6665146535195836,611.5,247.5,592.5,274.5
1.6998449465899754,611.5,247.5,592.5,274.5
1.733175239660367,611.5,247.5,592.5,273.5
1.7665055327307586,611.5,247.5,592.5,273.5
1.7998358258011504,611.5,247.5,592.5,273.5
1.833166118871542,611.5,246.5,592.5,273.5
1.8664964119419336,611.5,246.5,592.5,273.5
1.8998267050123254,611.5,246.5,592.5,273.5
1.933156998082717,610.5,246.5,591.5,272.5
1.9664872911531088,610.5,246.5,591.5,272.5
1.9998175842235004,610.5,246.5,591.5,272.5
2.0331478772938922,610.5,246.5,590.5,271.5
2.0664781703642836,610.5,245.5,590.5,271.5
2.0998084634346754,610.5,245.5,590.5,271.5
2.1331387565050672,610.5,245.5,589.5,270.5
2.1664690495754586,610.5,245.5,589.5,270.5
2.1997993426458504,610.5,245.5,589.5,270.5
2.2331296357162422,610.5,244.5,588.5,269.5
2.2664599287866336,610.5,244.5,588.5,268.5
2.2997902218570254,610.5,244.5,588.5,268.5
2.3331205149274172,610.5,243.5,587.5,267.5
2.3664508079978086,610.5,243.5,587.5,267.5
2.3997811010682004,610.5,243.5,587.5,266.5
2.4331113941385922,610.5,242.5,587.5,266.5
2.466441687208984,610.5,242.5,586.5,265.5
2.4997719802793754,610.5,242.5,586.5,264.5
2.5331022733497672,609.5,242.5,585.5,263.5
2.566432566420159,610.5,241.5,585.5,263.5
2.5997628594905504,610.5,241.5,584.5,262.5
2.6330931525609422,610.5,241.5,584.5,261.5
2.666423445631334,610.5,241.5,584.5,261.5
2.6997537387017254,610.5,241.5,584.5,261.5
2.7330840317721172,610.5,241.5,584.5,261.5
2.766414324842509,610.5,241.5,584.5,261.5
2.7997446179129004,610.5,241.5,584.5,261.5
2.8330749109832922,609.5,241.5,584.5,261.5
2.866405204053684,609.5,241.5,584.5,261.5
2.8997354971240754,609.5,240.5,584.5,261.5
2.9330657901944672,609.5,240.5,583.5,261.5
2.966396083264859,608.5,240.5,583.5,260.5
2.9997263763352504,608.5,239.5,583.5,260.5
3.0330566694056422,608.5,239.5,583.5,260.5
3.066386962476034,607.5,238.5,583.5,260.5
3.0997172555464254,606.5,238.5,582.5,260.5
3.1330475486168172,606.5,237.5,582.5,260.5
3.166377841687209,605.5,237.5,582.5,259.5
3.199708134757601,605.5,236.5,582.5,259.5
3.2330384278279922,604.5,236.5,581.5,259.5
3.266368720898384,603.5,235.5,581.5,259.5
3.299699013968776,603.5,234.5,581.5,259.5
3.333029307039167,602.5,234.5,580.5,259.5
3.366359600109559,601.5,233.5,580.5,259.5
3.399689893179951,600.5,233.5,580.5,258.5
3.433020186250342,599.5,233.5,579.5,259.5
3.466350479320734,598.5,232.5,579.5,258.5
3.499680772391126,597.5,231.5,578.5,258.5
3.533011065461517,596.5,231.5,578.5,258.5
3.566341358531909,596.5,231.5,578.5,258.5
3.599671651602301,595.5,230.5,578.5,258.5
3.633001944672692,594.5,230.5,577.5,258.5
3.666332237743084,593.5,230.5,576.5,258.5
3.699662530813476,592.5,229.5,576.5,258.5
3.732992823883867,591.5,229.5,576.5,258.5
3.766323116954259,590.5,229.5,575.5,258.5
3.799653410024651,590.5,229.5,575.5,258.5
3.8329837030950427,590.5,229.5,575.5,258.5
3.866313996165434,590.5,229.5,575.5,258.5
3.899644289235826,590.5,229.5,575.5,258.5
3.9329745823062177,590.5,229.5,575.5,258.5
3.966304875376609,590.5,229.5,575.5,258.5
3.999635168447001,590.5,229.5,575.5,258.5
4.032965461517392,590.5,229.5,574.5,257.5
4.0662957545877845,589.5,228.5,574.5,257.5
4.099626047658176,589.5,228.5,574.5,257.5
4.132956340728567,589.5,228.5,574.5,257.5
4.1662866337989595,589.5,228.5,573.5,257.5
4.199616926869351,589.5,228.5,573.5,256.5
4.232947219939742,589.5,228.5,572.5,255.5
4.2662775130101345,589.5,227.5,572.5,255.5
4.299607806080526,589.5,227.5,572.5,255.5
4.332938099150917,589.5,227.5,571.5,254.5
4.3662683922213095,589.5,226.5,571.5,254.5
4.399598685291701,589.5,226.5,571.5,254.5
4.432928978362092,588.5,226.5,570.5,253.5
4.4662592714324845,588.5,226.5,570.5,252.5
4.499589564502876,589.5,225.5,569.5,252.5
4.532919857573267,588.5,225.5,569.5,251.5
4.5662501506436595,588.5,225.5,568.5,250.5
4.599580443714051,588.5,224.5,568.5,250.5
4.632910736784442,588.5,224.5,567.5,249.5
4.6662410298548345,588.5,224.5,567.5,249.5
4.699571322925226,589.5,224.5,566.5,248.5
4.732901615995617,589.5,223.5,566.5,247.5
4.7662319090660095,589.5,223.5,565.5,246.5
4.799562202136401,589.5,223.5,565.5,246.5
4.832892495206792,588.5,223.5,565.5,245.5
4.8662227882771845,589.5,223.5,565.5,245.5
4.899553081347576,588.5,223.5,565.5,245.5
4.932883374417968,588.5,223.5,565.5,245.5
4.9662136674883595,589.5,222.5,565.5,245.5
4.999543960558751,588.5,222.5,564.5,245.5
5.032874253629143,588.5,222.5,565.5,245.5
5.0662045466995345,588.5,222.5,564.5,245.5
5.099534839769926,588.5,222.5,564.5,245.5
5.132865132840318,588.5,222.5,564.5,244.5
5.1661954259107095,587.5,221.5,564.5,244.5
5.199525718981101,587.5,221.5,564.5,244.5
5.232856012051493,586.5,220.5,563.5,244.5
5.2661863051218845,586.5,220.5,563.5,244.5
5.299516598192276,585.5,219.5,563.5,244.5
5.332846891262668,584.5,219.5,563.5,244.5
5.3661771843330595,584.5,219.5,562.5,244.5
5.399507477403451,583.5,218.5,562.5,244.5
5.432837770473843,582.5,218.5,562.5,244.5
5.4661680635442345,582.5,217.5,562.5,243.5
5.499498356614626,581.5,217.5,561.5,243.5
5.532828649685018,580.5,217.5,561.5,243.5
5.5661589427554095,579.5,216.5,561.5,243.5
5.599489235825801,578.5,216.5,560.5,243.5
5.632819528896193,578.5,215.5,560.5,243.5
5.6661498219665845,577.5,215.5,560.5,243.5
5.699480115036976,576.5,215.5,559.5,243.5
5.732810408107368,575.5,214.5,559.5,243.5
5.7661407011777595,574.5,214.5,559.5,243.5
5.799470994248151,573.5,214.5,558.5,243.5
5.832801287318543,572.5,213.5,558.5,243.5
5.8661315803889345,571.5,213.5,557.5,243.5
5.899461873459326,570.5,213.5,557.5,243.5
5.932792166529718,569.5,212.5,557.5,243.5
5.9661224596001095,569.5,212.5,556.5,243.5
5.999452752670501,568.5,212.5,556.5,243.5
6.032783045740893,568.5,212.5,556.5,243.5
6.0661133388112845,568.5,212.5,556.5,243.5
6.099443631881676,568.5,212.5,556.5,243.5
6.132773924952068,568.5,212.5,556.5,243.5
6.1661042180224594,568.5,212.5,556.5,242.5
6.199434511092851,568.5,212.5,556.5,242.5
6.232764804163243,568.5,212.5,555.5,242.5
6.2660950972336344,568.5,212.5,555.5,242.5
6.299425390304027,568.5,212.5,555.5,242.5
6.332755683374418,568.5,212.5,555.5,242.5
6.3660859764448094,567.5,211.5,554.5,241.5
6.399416269515202,567.5,211.5,554.5,241.5
6.432746562585593,567.5,211.5,554.5,241.5
6.4660768556559844,567.5,211.5,553.5,240.5
6.499407148726377,567.5,210.5,553.5,240.5
6.532737441796768,567.5,210.5,552.5,239.5
6.5660677348671594,567.5,210.5,552.5,239.5
6.599398027937552,567.5,210.5,551.5,238.5
6.632728321007943,567.5,209.5,551.5,238.5
6.666058614078334,567.5,209.5,550.5,237.5
6.699388907148727,567.5,209.5,550.5,237.5
6.732719200219118,567.5,209.5,549.5,236.5
6.766049493289509,567.5,208.5,548.5,235.5
6.799379786359902,567.5,208.5,548.5,235.5
6.832710079430293,567.5,208.5,547.5,234.5
6.866040372500684,567.5,208.5,547.5,233.5
6.899370665571077,567.5,207.5,547.5,233.5
6.932700958641468,567.5,207.5,546.5,232.5
6.966031251711859,567.5,206.5,546.5,231.5
6.999361544782252,567.5,206.5,545.5,231.5
7.032691837852643,567.5,206.5,545.5,230.5
7.066022130923034,567.5,206.5,545.5,230.5
7.099352423993427,567.5,206.5,545.5,230.5
7.132682717063818,567.5,206.5,544.5,230.5
7.166013010134209,567.5,206.5,545.5,230.5
7.199343303204602,567.5,206.5,544.5,229.5
7.232673596274993,566.5,205.5,544.5,229.5
7.266003889345384,566.5,205.5,544.5,228.5
7.299334182415777,567.5,205.5,544.5,228.5
7.332664475486168,566.5,204.5,543.5,227.5
7.365994768556559,567.5,204.5,543.5,227.5
7.399325061626952,566.5,204.5,542.5,226.5
7.432655354697343,566.5,203.5,542.5,226.5
7.465985647767734,566.5,203.5,542.5,225.5
7.499315940838127,566.5,203.5,542.5,224.5
7.532646233908518,567.5,203.5,541.5,224.5
7.565976526978909,566.5,202.5,541.5,223.5
7.599306820049302,566.5,202.5,541.5,222.5
7.632637113119693,567.5,202.5,540.5,222.5
7.665967406190085,567.5,202.5,540.5,221.5
7.699297699260477,567.5,201.5,540.5,220.5
7.732627992330868,567.5,201.5,540.5,219.5
7.76595828540126,567.5,201.5,540.5,219.5
7.799288578471652,567.5,200.5,539.5,218.5
7.832618871542043,567.5,200.5,539.5,217.5
7.865949164612435,567.5,200.5,539.5,216.5
7.899279457682827,567.5,200.5,539.5,216.5
7.932609750753218,567.5,199.5,538.5,215.5
7.96594004382361,567.5,199.5,538.5,214.5
7.999270336894002,568.5,199.5,538.5,213.5
8.032600629964394,567.5,199.5,538.5,212.5
8.065930923034784,568.5,199.5,538.5,211.5
8.099261216105177,568.5,198.5,537.5,211.5
8.132591509175569,568.5,198.5,537.5,210.5
8.16592180224596,568.5,198.5,537.5,210.5
8.199252095316352,568.5,198.5,538.5,210.5
8.232582388386744,568.5,198.5,537.5,209.5
8.265912681457134,568.5,198.5,537.5,209.5
8.299242974527527,568.5,198.5,537.5,209.5
8.332573267597919,568.5,197.5,537.5,208.5
8.36590356066831,568.5,197.5,537.5,208.5
8.399233853738702,568.5,197.5,537.5,207.5
8.432564146809094,568.5,197.5,537.5,207.5
8.465894439879484,568.5,197.5,537.5,206.5
8.499224732949877,568.5,196.5,537.5,206.5
8.532555026020269,568.5,196.5,537.5,205.5
8.56588531909066,568.5,196.5,537.5,204.5
8.599215612161052,568.5,196.5,536.5,204.5
8.632545905231444,568.5,196.5,537.5,203.5
8.665876198301834,569.5,196.5,537.5,202.5
8.699206491372227,569.5,195.5,537.5,201.5
8.732536784442619,569.5,195.5,537.5,200.5
8.76586707751301,569.5,195.5,536.5,199.5
8.799197370583402,569.5,195.5,536.5,199.5
8.832527663653794,569.5,195.5,536.5,198.5
8.865857956724184,569.5,194.5,536.5,197.5
8.899188249794577,569.5,194.5,536.5,196.5
8.932518542864969,569.5,194.5,536.5,195.5
8.96584883593536,569.5,194.5,536.5,194.5
8.999179129005752,569.5,194.5,537.5,193.5
9.032509422076144,570.5,194.5,537.5,192.5
9.065839715146534,570.5,194.5,537.5,191.5
9.099170008216927,570.5,194.5,537.5,191.5
9.132500301287319,570.5,193.5,538.5,189.5
9.16583059435771,570.5,193.5,538.5,188.5
9.199160887428102,570.5,193.5,538.5,188.5
9.232491180498494,570.5,193.5,538.5,187.5
9.265821473568884,570.5,193.5,538.5,187.5
9.299151766639277,570.5,193.5,538.5,187.5
9.332482059709669,570.5,193.5,538.5,187.5
9.36581235278006,570.5,193.5,538.5,187.5
9.399142645850452,570.5,193.5,538.5,187.5
9.432472938920844,570.5,193.5,538.5,187.5
9.465803231991234,570.5,192.5,538.5,187.5
9.499133525061627,571.5,192.5,538.5,187.5
9.532463818132019,570.5,192.5,538.5,187.5
9.56579411120241,570.5,191.5,538.5,186.5
9.599124404272802,570.5,190.5,538.5,186.5
9.632454697343194,570.5,190.5,537.5,186.5
9.665784990413584,570.5,189.5,537.5,185.5
9.699115283483977,570.5,188.5,537.5,185.5
9.732445576554369,570.5,188.5,537.5,185.5
9.765775869624761,570.5,186.5,537.5,184.5
9.799106162695152,569.5,186.5,536.5,184.5
9.832436455765544,569.5,185.5,536.5,184.5
9.865766748835936,569.5,184.5,536.5,183.5
9.899097041906327,569.5,183.5,536.5,183.5
9.932427334976719,568.5,182.5,536.5,183.5
9.965757628047111,568.5,181.5,535.5,182.5
9.999087921117502,568.5,180.5,535.5,182.5
10.032418214187894,567.5,179.5,535.5,182.5
10.065748507258286,567.5,178.5,534.5,181.5
10.099078800328677,567.5,177.5,534.5,181.5
10.132409093399069,566.5,176.5,534.5,181.5
10.165739386469461,566.5,175.5,533.5,180.5
10.199069679539852,565.5,174.5,533.5,180.5
10.232399972610244,564.5,173.5,532.5,180.5
10.265730265680636,564.5,172.5,532.5,179.5
10.299060558751027,563.5,171.5,531.5,179.5
10.332390851821419,563.5,171.5,531.5,179.5
10.365721144891811,563.5,170.5,531.5,179.5
10.399051437962202,563.5,170.5,531.5,179.5
10.432381731032594,563.5,170.5,531.5,178.5
10.465712024102986,562.5,169.5,531.5,178.5
10.499042317173377,562.5,169.5,531.5,178.5
10.532372610243769,562.5,168.5,530.5,178.5
10.565702903314161,561.5,167.5,530.5,177.5
10.599033196384552,561.5,167.5,530.5,177.5
10.632363489454944,561.5,166.5,530.5,177.5
10.665693782525336,560.5,165.5,530.5,177.5
10.699024075595727,560.5,165.5,529.5,176.5
10.732354368666119,559.5,164.5,529.5,176.5
10.765684661736511,559.5,163.5,529.5,176.5
10.799014954806902,559.5,163.5,529.5,176.5
10.832345247877294,558.5,162.5,528.5,176.5
10.865675540947686,557.5,161.5,528.5,176.5
10.899005834018077,557.5,160.5,528.5,175.5
10.932336127088469,556.5,160.5,527.5,175.5
10.965666420158861,555.5,159.5,527.5,175.5
10.998996713229252,555.5,158.5,526.5,175.5
11.032327006299644,554.5,157.5,526.5,174.5
11.065657299370036,553.5,157.5,525.5,174.5
11.098987592440427,552.5,156.5,525.5,174.5
11.132317885510819,551.5,155.5,525.5,174.5
11.165648178581211,551.5,154.5,524.5,174.5
11.198978471651602,550.5,154.5,524.5,174.5
11.232308764721994,549.5,153.5,523.5,173.5
11.265639057792386,548.5,152.5,522.5,173.5
11.298969350862777,547.5,152.5,522.5,173.5
11.332299643933169,546.5,151.5,521.5,173.5
11.365629937003561,545.5,151.5,521.5,173.5
11.398960230073952,544.5,150.5,520.5,173.5
11.432290523144344,543.5,150.5,520.5,173.5
11.465620816214736,543.5,150.5,520.5,173.5
11.498951109285127,543.5,149.5,520.5,173.5
11.532281402355519,543.5,149.5,520.5,173.5
11.565611695425911,542.5,149.5,520.5,173.5
11.598941988496302,542.5,149.5,519.5,172.5
11.632272281566694,541.5,148.5,519.5,172.5
11.665602574637086,541.5,148.5,519.5,172.5
11.698932867707477,540.5,147.5,518.5,172.5
11.732263160777869,539.5,147.5,518.5,172.5
11.765593453848261,539.5,147.5,517.5,172.5
11.798923746918652,538.5,147.5,517.5,172.5
11.832254039989044,537.5,146.5,517.5,172.5
11.865584333059436,536.5,146.5,517.5,172.5
11.898914626129827,536.5,145.5,516.5,172.5
11.932244919200219,535.5,145.5,516.5,172.5
11.965575212270611,534.5,144.5,515.5,172.5
11.998905505341002,533.5,144.5,515.5,172.5
12.032235798411394,532.5,144.5,515.5,171.5
12.065566091481786,531.5,143.5,514.5,171.5
12.098896384552177,530.5,143.5,514.5,171.5
12.132226677622569,529.5,142.5,514.5,171.5
12.165556970692961,528.5,142.5,513.5,171.5
12.198887263763352,527.5,142.5,513.5,171.5
12.232217556833744,526.5,141.5,513.5,171.5
12.265547849904136,525.5,141.5,513.5,171.5
12.298878142974527,524.5,141.5,512.5,171.5
12.332208436044919,523.5,140.5,512.5,171.5
12.365538729115311,522.5,140.5,512.5,171.5
12.398869022185702,521.5,140.5,512.5,171.5
12.432199315256094,520.5,139.5,511.5,171.5
12.465529608326486,519.5,139.5,511.5,171.5
12.498859901396877,518.5,139.5,511.5,171.5
12.532190194467269,517.5,139.5,510.5,171.5
12.565520487537661,517.5,139.5,510.5,171.5
12.598850780608053,517.5,139.5,510.5,171.5
12.632181073678444,517.5,139.5,510.5,171.5
12.665511366748836,516.5,139.5,510.5,171.5
12.698841659819228,516.5,138.5,510.5,171.5
12.732171952889619,514.5,138.5,509.5,171.5
12.765502245960011,514.5,138.5,509.5,171.5
12.798832539030403,513.5,138.5,509.5,171.5
12.832162832100794,512.5,138.5,509.5,171.5
12.865493125171186,512.5,138.5,509.5,171.5
12.898823418241578,511.5,138.5,508.5,170.5
12.932153711311969,510.5,138.5,508.5,171.5
12.965484004382361,509.5,138.5,508.5,171.5
12.998814297452753,508.5,138.5,508.5,171.5
13.032144590523144,508.5,138.5,508.5,171.5
13.065474883593536,507.5,138.5,507.5,171.5
13.098805176663928,506.5,138.5,507.5,171.5
13.132135469734319,505.5,138.5,506.5,170.5
13.165465762804711,504.5,138.5,507.5,171.5
13.198796055875103,503.5,138.5,506.5,171.5
13.232126348945494,502.5,138.5,506.5,171.5
13.265456642015886,501.5,138.5,506.5,170.5
13.298786935086278,500.5,138.5,505.5,171.5
13.332117228156669,499.5,139.5,505.5,171.5
13.365447521227061,498.5,139.5,505.5,171.5
13.398777814297453,497.5,139.5,505.5,171.5
13.432108107367844,496.5,139.5,504.5,171.5
13.465438400438236,495.5,140.5,504.5,171.5
13.498768693508628,494.5,140.5,504.5,171.5
13.532098986579019,493.5,140.5,504.5,171.5
13.565429279649411,492.5,141.5,503.5,171.5
13.598759572719803,491.5,141.5,503.5,171.5
13.632089865790194,491.5,141.5,503.5,171.5
13.665420158860586,491.5,141.5,503.5,171.5
13.698750451930978,491.5,141.5,503.5,171.5
13.732080745001369,490.5,141.5,503.5,171.5
13.765411038071761,490.5,141.5,503.5,171.5
13.798741331142153,489.5,142.5,503.5,171.5
13.832071624212544,489.5,142.5,503.5,171.5
13.865401917282936,488.5,142.5,502.5,171.5
13.898732210353328,487.5,142.5,502.5,171.5
13.932062503423719,487.5,142.5,502.5,171.5
13.965392796494111,486.5,143.5,502.5,171.5
13.998723089564503,485.5,143.5,501.5,172.5
14.032053382634894,484.5,143.5,501.5,172.5
14.065383675705286,484.5,144.5,501.5,172.5
14.098713968775678,483.5,144.5,500.5,172.5
14.132044261846069,482.5,145.5,500.5,172.5
14.165374554916461,481.5,145.5,500.5,172.5
14.198704847986853,481.5,146.5,500.5,172.5
14.232035141057244,480.5,146.5,500.5,172.5
14.265365434127636,480.5,147.5,500.5,173.5
14.298695727198028,479.5,147.5,499.5,173.5
14.332026020268419,478.5,148.5,499.5,173.5
14.365356313338811,477.5,149.5,499.5,173.5
14.398686606409203,477.5,149.5,499.5,173.5
14.432016899479594,476.5,150.5,499.5,174.5
14.465347192549986,476.5,150.5,499.5,174.5
14.498677485620378,475.5,151.5,498.5,174.5
14.532007778690769,475.5,152.5,498.5,175.5
14.565338071761161,474.5,153.5,498.5,175.5
14.598668364831553,473.5,153.5,498.5,175.5
14.631998657901944,473.5,154.5,498.5,175.5
14.665328950972336,472.5,155.5,498.5,176.5
14.698659244042728,472.5,156.5,498.5,176.5
14.731989537113119,471.5,156.5,497.5,176.5
14.765319830183511,471.5,156.5,497.5,176.5
14.798650123253903,471.5,156.5,497.5,176.5
14.831980416324294,471.5,157.5,497.5,176.5
14.865310709394686,471.5,157.5,497.5,176.5
14.898641002465078,470.5,157.5,497.5,176.5
14.931971295535469,470.5,158.5,497.5,176.5
14.965301588605861,469.5,158.5,497.5,176.5
14.998631881676253,469.5,159.5,497.5,177.5
15.031962174746644,469.5,160.5,497.5,177.5
15.065292467817036,469.5,160.5,497.5,177.5
15.098622760887428,468.5,161.5,496.5,177.5
15.131953053957819,468.5,161.5,496.5,178.5
15.165283347028211,468.5,162.5,496.5,178.5
15.198613640098603,467.5,163.5,496.5,178.5
15.231943933168994,467.5,163.5,496.5,178.5
15.265274226239386,467.5,164.5,496.5,178.5
15.298604519309778,466.5,165.5,496.5,179.5
15.33193481238017,466.5,166.5,496.5,179.5
15.365265105450561,465.5,166.5,496.5,179.5
15.398595398520953,465.5,167.5,495.5,179.5
15.431925691591346,465.5,168.5,496.5,179.5
15.465255984661736,464.5,169.5,495.5,179.5
15.498586277732128,464.5,170.5,495.5,180.5
15.53191657080252,464.5,171.5,495.5,180.5
15.565246863872911,464.5,171.5,495.5,180.5
15.598577156943303,464.5,172.5,496.5,181.5
15.631907450013696,463.5,173.5,495.5,181.5
15.665237743084086,463.5,174.5,495.5,181.5
15.698568036154478,463.5,175.5,495.5,181.5
15.73189832922487,463.5,176.5,495.5,181.5
15.765228622295261,463.5,177.5,495.5,182.5
15.798558915365653,463.5,178.5,495.5,182.5
15.831889208436046,463.5,178.5,496.5,182.5
15.865219501506436,463.5,178.5,495.5,182.5
15.898549794576828,463.5,178.5,495.5,182.5
15.93188008764722,463.5,179.5,495.5,182.5
15.965210380717611,463.5,179.5,495.5,182.5
15.998540673788003,463.5,179.5,495.5,182.5
16.031870966858396,463.5,179.5,495.5,182.5
16.065201259928788,463.5,179.5,495.5,183.5
16.098531552999177,463.5,179.5,495.5,183.5
16.13186184606957,462.5,179.5,495.5,183.5
16.16519213913996,462.5,179.5,495.5,183.5
16.198522432210353,462.5,179.5,495.5,184.5
16.231852725280746,462.5,179.5,494.5,184.5
16.265183018351138,462.5,179.5,494.5,185.5
16.298513311421527,462.5,179.5,494.5,185.5
16.33184360449192,462.5,179.5,494.5,185.5
16.36517389756231,462.5,179.5,494.5,186.5
16.398504190632703,461.5,179.5,493.5,186.5
16.431834483703096,461.5,180.5,493.5,187.5
16.465164776773488,461.5,180.5,493.5,187.5
16.498495069843877,461.5,180.5,492.5,187.5
16.53182536291427,460.5,180.5,492.5,188.5
16.56515565598466,460.5,180.5,492.5,188.5
16.598485949055053,460.5,180.5,491.5,189.5
16.631816242125446,460.5,180.5,491.5,189.5
16.665146535195838,459.5,180.5,491.5,190.5
16.69847682826623,459.5,180.5,490.5,191.5
16.73180712133662,459.5,180.5,490.5,191.5
16.76513741440701,459.5,180.5,489.5,192.5
16.798467707477403,459.5,180.5,489.5,192.5
16.831798000547796,458.5,180.5,488.5,193.5
16.865128293618188,457.5,181.5,488.5,193.5
16.89845858668858,457.5,181.5,488.5,194.5
16.93178887975897,457.5,181.5,488.5,193.5
16.96511917282936,458.5,180.5,488.5,193.5
16.998449465899753,457.5,181.5,488.5,194.5
17.031779758970146,457.5,181.5,488.5,193.5
17.065110052040538,457.5,181.5,488.5,193.5
17.09844034511093,457.5,181.5,487.5,194.5
17.13177063818132,457.5,181.5,487.5,194.5
17.16510093125171,457.5,181.5,487.5,194.5
17.198431224322103,457.5,181.5,487.5,194.5
17.231761517392496,456.5,182.5,487.5,194.5
17.265091810462888,456.5,182.5,487.5,194.5
17.29842210353328,456.5,183.5,487.5,194.5
17.33175239660367,456.5,183.5,487.5,194.5
17.36508268967406,456.5,184.5,487.5,194.5
17.398412982744453,455.5,184.5,487.5,195.5
17.431743275814846,455.5,185.5,486.5,195.5
17.465073568885238,455.5,186.5,486.5,195.5
17.49840386195563,455.5,186.5,486.5,195.5
17.53173415502602,455.5,187.5,486.5,195.5
17.56506444809641,454.5,188.5,486.5,195.5
17.598394741166803,454.5,188.5,486.5,196.5
17.631725034237196,454.5,189.5,486.5,196.5
17.665055327307588,454.5,190.5,486.5,196.5
17.69838562037798,454.5,191.5,486.5,196.5
17.73171591344837,454.5,192.5,486.5,197.5
17.76504620651876,454.5,192.5,486.5,197.5
17.798376499589153,453.5,193.5,486.5,197.5
17.831706792659546,454.5,194.5,486.5,197.5
17.865037085729938,453.5,195.5,486.5,197.5
17.89836737880033,453.5,196.5,486.5,197.5
17.93169767187072,453.5,197.5,486.5,198.5
17.96502796494111,453.5,197.5,486.5,198.5
17.998358258011503,453.5,198.5,486.5,198.5
18.031688551081896,453.5,198.5,486.5,198.5
18.065018844152288,453.5,198.5,486.5,198.5
18.09834913722268,453.5,198.5,486.5,198.5
18.13167943029307,453.5,198.5,486.5,198.5
18.16500972336346,453.5,198.5,486.5,198.5
18.198340016433853,453.5,198.5,486.5,198.5
18.231670309504246,453.5,199.5,486.5,198.5
18.265000602574638,453.5,199.5,486.5,199.5
18.29833089564503,453.5,199.5,486.5,199.5
18.33166118871542,453.5,199.5,486.5,199.5
18.36499148178581,453.5,199.5,486.5,200.5
18.398321774856203,453.5,199.5,486.5,200.5
18.431652067926596,453.5,199.5,486.5,200.5
18.464982360996988,453.5,199.5,485.5,200.5
18.49831265406738,452.5,199.5,485.5,201.5
18.53164294713777,452.5,199.5,485.5,201.5
18.56497324020816,452.5,199.5,485.5,202.5
18.598303533278553,452.5,200.5,485.5,202.5
18.631633826348946,452.5,200.5,485.5,202.5
18.664964119419338,451.5,200.5,484.5,203.5
18.69829441248973,451.5,200.5,484.5,204.5
18.73162470556012,451.5,200.5,484.5,204.5
18.76495499863051,451.5,200.5,483.5,205.5
18.798285291700903,451.5,200.5,483.5,206.5
18.831615584771296,450.5,201.5,483.5,206.5
18.864945877841688,450.5,201.5,482.5,207.5
18.89827617091208,450.5,200.5,482.5,207.5
18.93160646398247,450.5,201.5,482.5,208.5
18.96493675705286,449.5,201.5,481.5,209.5
18.998267050123253,449.5,201.5,481.5,209.5
19.031597343193646,449.5,201.5,480.5,210.5
19.064927636264038,449.5,201.5,480.5,211.5
19.09825792933443,449.5,201.5,480.5,211.5
19.13158822240482,449.5,201.5,480.5,211.5
19.16491851547521,449.5,201.5,480.5,211.5
19.198248808545603,449.5,201.5,480.5,211.5
19.231579101615996,449.5,201.5,480.5,211.5
19.264909394686388,449.5,201.5,480.5,211.5
19.29823968775678,448.5,201.5,480.5,211.5
19.33156998082717,448.5,201.5,480.5,211.5
19.36490027389756,448.5,202.5,479.5,211.5
19.398230566967953,448.5,202.5,479.5,211.5
19.431560860038346,448.5,203.5,479.5,211.5
19.464891153108738,448.5,203.5,479.5,212.5
19.49822144617913,448.5,203.5,479.5,212.5
19.531551739249522,447.5,204.5,479.5,212.5
19.56488203231991,447.5,205.5,479.5,212.5
19.598212325390303,447.5,205.5,479.5,212.5
19.631542618460696,447.5,206.5,479.5,212.5
19.664872911531088,447.5,206.5,479.5,212.5
19.69820320460148,447.5,207.5,479.5,213.5
19.731533497671872,446.5,207.5,479.5,213.5
19.76486379074226,446.5,208.5,479.5,213.5
19.798194083812653,446.5,209.5,479.5,213.5
19.831524376883046,446.5,210.5,479.5,214.5
19.864854669953438,446.5,211.5,479.5,214.5
19.89818496302383,446.5,211.5,479.5,214.5
19.931515256094222,446.5,212.5,479.5,214.5
19.96484554916461,446.5,213.5,479.5,215.5
19.998175842235003,446.5,214.5,479.5,215.5
20.031506135305396,446.5,214.5,479.5,215.5
20.064836428375788,446.5,216.5,479.5,215.5
20.09816672144618,446.5,216.5,479.5,216.5
20.131497014516572,446.5,217.5,479.5,216.5
20.16482730758696,446.5,218.5,479.5,216.5
20.198157600657353,446.5,218.5,479.5,216.5
20.231487893727746,446.5,218.5,479.5,216.5
20.264818186798138,446.5,219.5,479.5,216.5
20.29814847986853,446.5,219.5,479.5,216.5
20.331478772938922,446.5,219.5,479.5,216.5
20.36480906600931,446.5,219.5,479.5,216.5
20.398139359079703,446.5,219.5,479.5,216.5
20.431469652150096,447.5,219.5,479.5,216.5
20.464799945220488,446.5,219.5,479.5,217.5
20.49813023829088,446.5,219.5,479.5,217.5
20.531460531361272,446.5,219.5,479.5,217.5
20.56479082443166,446.5,219.5,479.5,217.5
20.598121117502053,446.5,219.5,479.5,218.5
20.631451410572446,446.5,219.5,479.5,218.5
20.664781703642838,446.5,219.5,479.5,218.5
20.69811199671323,446.5,219.5,479.5,218.5
20.731442289783622,446.5,219.5,478.5,219.5
20.76477258285401,445.5,220.5,479.5,219.5
20.798102875924403,445.5,220.5,478.5,220.5
20.831433168994796,445.5,220.5,478.5,220.5
20.864763462065188,445.5,220.5,478.5,221.5
20.89809375513558,445.5,220.5,478.5,221.5
20.931424048205972,444.5,220.5,477.5,222.5
20.96475434127636,444.5,220.5,477.5,223.5
20.998084634346753,444.5,221.5,477.5,223.5
21.031414927417146,444.5,221.5,476.5,224.5
21.064745220487538,443.5,221.5,476.5,225.5
21.09807551355793,443.5,221.5,476.5,225.5
21.131405806628322,443.5,221.5,476.5,226.5
21.16473609969871,443.5,221.5,475.5,226.5
21.198066392769103,442.5,221.5,475.5,227.5
21.231396685839496,442.5,221.5,474.5,228.5
21.264726978909888,442.5,221.5,474.5,228.5
21.29805727198028,442.5,221.5,474.5,228.5
21.331387565050672,442.5,221.5,474.5,228.5
21.36471785812106,442.5,221.5,474.5,228.5
21.398048151191453,442.5,221.5,474.5,229.5
21.431378444261846,442.5,221.5,474.5,229.5
21.464708737332238,442.5,221.5,474.5,229.5
21.49803903040263,442.5,221.5,473.5,229.5
21.531369323473022,441.5,222.5,473.5,230.5
21.56469961654341,441.5,222.5,473.5,230.5
21.598029909613803,441.5,222.5,473.5,230.5
21.631360202684196,441.5,222.5,472.5,230.5
21.664690495754588,441.5,222.5,472.5,231.5
21.69802078882498,440.5,222.5,472.5,231.5
21.731351081895372,440.5,222.5,472.5,232.5
21.76468137496576,440.5,222.5,471.5,232.5
21.798011668036153,440.5,222.5,471.5,233.5
21.831341961106546,440.5,222.5,471.5,233.5
21.864672254176938,439.5,222.5,470.5,234.5
21.89800254724733,439.5,222.5,470.5,234.5
21.931332840317722,439.5,222.5,469.5,235.5
21.96466313338811,439.5,222.5,469.5,235.5
21.997993426458503,438.5,223.5,468.5,236.5
22.031323719528896,438.5,223.5,468.5,236.5
22.064654012599288,438.5,222.5,467.5,237.5
22.09798430566968,438.5,222.5,467.5,237.5
22.131314598740072,437.5,223.5,466.5,238.5
22.16464489181046,437.5,223.5,466.5,238.5
22.197975184880853,436.5,223.5,465.5,239.5
22.231305477951246,436.5,223.5,464.5,239.5
22.264635771021638,436.5,223.5,463.5,240.5
22.29796606409203,436.5,223.5,463.5,241.5
22.331296357162422,435.5,223.5,462.5,241.5
22.364626650232815,435.5,222.5,462.5,241.5
22.397956943303203,435.5,222.5,462.5,241.5
22.431287236373596,435.5,222.5,462.5,241.5
22.464617529443988,435.5,223.5,462.5,241.5
22.49794782251438,435.5,223.5,461.5,242.5
22.531278115584772,435.5,223.5,461.5,242.5
22.564608408655165,434.5,223.5,461.5,242.5
22.597938701725553,434.5,223.5,461.5,242.5
22.631268994795946,434.5,223.5,461.5,242.5
22.664599287866338,434.5,223.5,461.5,242.5
22.69792958093673,434.5,224.5,461.5,242.5
22.731259874007122,433.5,224.5,461.5,242.5
22.764590167077515,433.5,225.5,461.5,242.5
22.797920460147903,433.5,225.5,461.5,242.5
22.831250753218296,432.5,226.5,461.5,243.5
22.864581046288688,432.5,226.5,460.5,243.5
22.89791133935908,431.5,227.5,460.5,243.5
22.931241632429472,431.5,227.5,460.5,243.5
22.964571925499865,431.5,228.5,460.5,243.5
22.997902218570253,430.5,229.5,460.5,243.5
23.031232511640646,430.5,229.5,460.5,243.5
23.064562804711038,430.5,230.5,460.5,244.5
23.09789309778143,429.5,231.5,460.5,244.5
23.131223390851822,429.5,232.5,460.5,244.5
23.164553683922215,429.5,232.5,460.5,244.5
23.197883976992603,429.5,233.5,459.5,244.5
23.231214270062996,428.5,234.5,459.5,244.5
23.264544563133388,428.5,235.5,459.5,245.5
23.29787485620378,428.5,235.5,459.5,245.5
23.331205149274172,428.5,236.5,459.5,245.5
23.364535442344565,427.5,237.5,459.5,245.5
23.397865735414953,427.5,238.5,459.5,245.5
23.431196028485346,427.5,239.5,459.5,246.5
23.464526321555738,427.5,239.5,459.5,246.5
23.49785661462613,427.5,240.5,459.5,246.5
23.531186907696522,427.5,240.5,459.5,246.5
23.564517200766915,427.5,240.5,459.5,246.5
23.597847493837303,427.5,240.5,459.5,246.5
23.631177786907696,426.5,241.5,459.5,246.5
23.664508079978088,426.5,241.5,459.5,246.5
23.69783837304848,426.5,242.5,459.5,246.5
23.731168666118872,426.5,242.5,459.5,246.5
23.764498959189265,426.5,243.5,459.5,247.5
23.797829252259653,426.5,244.5,459.5,246.5
23.831159545330046,426.5,244.5,459.5,247.5
23.864489838400438,426.5,245.5,459.5,247.5
23.89782013147083,426.5,246.5,458.5,247.5
23.931150424541222,426.5,246.5,459.5,247.5
23.964480717611615,426.5,247.5,458.5,248.5
23.997811010682003,426.5,248.5,458.5,248.5
24.031141303752396,426.5,249.5,459.5,248.5
24.064471596822788,425.5,249.5,458.5,248.5
24.09780188989318,425.5,250.5,459.5,248.5
24.131132182963572,425.5,251.5,459.5,248.5
24.164462476033965,426.5,252.5,459.5,248.5
24.197792769104353,426.5,253.5,458.5,249.5
24.231123062174746,426.5,254.5,458.5,249.5
24.264453355245138,426.5,254.5,458.5,249.5
24.29778364831553,426.5,255.5,459.5,249.5
24.331113941385922,427.5,256.5,459.5,249.5
24.364444234456315,427.5,257.5,459.5,250.5
24.397774527526703,427.5,258.5,459.5,250.5
24.431104820597096,427.5,258.5,459.5,250.5
24.464435113667488,428.5,260.5,460.5,250.5
24.49776540673788,428.5,260.5,460.5,250.5
24.531095699808272,428.5,261.5,460.5,251.5
24.564425992878665,429.5,262.5,460.5,251.5
24.597756285949053,429.5,262.5,460.5,251.5
24.631086579019446,429.5,262.5,460.5,251.5
24.664416872089838,429.5,262.5,460.5,251.5
24.69774716516023,429.5,262.5,460.5,251.5
24.731077458230622,429.5,263.5,460.5,251.5
24.764407751301015,429.5,263.5,460.5,251.5
24.797738044371403,430.5,264.5,460.5,251.5
24.831068337441796,430.5,264.5,460.5,251.5
24.864398630512188,430.5,265.5,461.5,252.5
24.89772892358258,431.5,265.5,461.5,252.5
24.931059216652972,431.5,266.5,461.5,252.5
24.964389509723365,431.5,266.5,461.5,252.5
24.997719802793753,432.5,267.5,461.5,252.5
25.031050095864146,432.5,268.5,461.5,252.5
25.064380388934538,432.5,268.5,461.5,252.5
25.09771068200493,433.5,269.5,462.5,253.5
25.131040975075322,433.5,269.5,462.5,253.5
25.164371268145715,433.5,270.5,462.5,253.5
25.197701561216107,434.5,271.5,462.5,253.5
25.231031854286496,435.5,272.5,462.5,253.5
25.264362147356888,435.5,272.5,463.5,253.5
25.29769244042728,436.5,273.5,463.5,254.5
25.331022733497672,437.5,274.5,463.5,253.5
25.364353026568065,437.5,274.5,463.5,254.5
25.397683319638457,438.5,274.5,464.5,254.5
25.431013612708846,439.5,275.5,464.5,254.5
25.464343905779238,440.5,276.5,464.5,254.5
25.49767419884963,440.5,276.5,465.5,254.5
25.531004491920022,441.5,277.5,465.5,254.5
25.564334784990415,442.5,277.5,465.5,254.5
25.597665078060807,443.5,278.5,466.5,254.5
25.630995371131196,443.5,278.5,466.5,254.5
25.664325664201588,444.5,279.5,467.5,254.5
25.69765595727198,445.5,279.5,467.5,254.5
25.730986250342372,445.5,279.5,467.5,254.5
25.764316543412765,445.5,279.5,467.5,254.5
25.797646836483157,445.5,279.5,467.5,255.5
25.830977129553546,445.5,279.5,467.5,255.5
25.864307422623938,446.5,280.5,467.5,255.5
25.89763771569433,446.5,280.5,468.5,254.5
25.930968008764722,447.5,280.5,468.5,255.5
25.964298301835115,447.5,280.5,468.5,255.5
25.997628594905507,448.5,281.5,468.5,255.5
26.030958887975896,448.5,281.5,469.5,255.5
26.064289181046288,449.5,281.5,469.5,255.5
26.09761947411668,450.5,281.5,469.5,255.5
26.130949767187072,451.5,282.5,470.5,255.5
26.164280060257465,451.5,282.5,470.5,255.5
26.197610353327857,452.5,282.5,470.5,255.5
26.230940646398246,453.5,282.5,471.5,254.5
26.264270939468638,454.5,283.5,471.5,254.5
26.29760123253903,455.5,283.5,471.5,254.5
26.330931525609422,455.5,283.5,472.5,254.5
26.364261818679815,456.5,283.5,472.5,254.5
26.397592111750207,457.5,283.5,473.5,254.5
26.430922404820596,458.5,283.5,473.5,254.5
26.464252697890988,459.5,284.5,473.5,254.5
26.49758299096138,460.5,284.5,474.5,254.5
26.530913284031772,461.5,284.5,474.5,254.5
26.564243577102165,462.5,284.5,475.5,253.5
26.597573870172557,463.5,284.5,475.5,253.5
26.630904163242946,464.5,284.5,475.5,253.5
26.664234456313338,465.5,285.5,475.5,253.5
26.69756474938373,466.5,285.5,476.5,253.5
26.730895042454122,467.5,285.5,476.5,253.5
26.764225335524515,468.5,285.5,476.5,253.5
26.797555628594907,468.5,285.5,476.5,253.5
26.830885921665296,468.5,285.5,476.5,253.5
26.864216214735688,469.5,285.5,476.5,253.5
26.89754650780608,469.5,285.5,476.5,253.5
26.930876800876472,469.5,285.5,477.5,253.5
26.964207093946865,470.5,285.5,477.5,253.5
26.997537387017257,470.5,285.5,477.5,252.5
27.030867680087646,471.5,285.5,477.5,252.5
27.064197973158038,472.5,285.5,477.5,252.5
27.09752826622843,472.5,285.5,478.5,252.5
27.130858559298822,473.5,285.5,478.5,252.5
27.164188852369215,474.5,285.5,478.5,252.5
27.197519145439607,475.5,285.5,478.5,252.5
27.230849438509996,475.5,285.5,478.5,252.5
27.264179731580388,476.5,284.5,479.5,251.5
27.29751002465078,477.5,284.5,479.5,251.5
27.330840317721172,478.5,284.5,479.5,251.5
27.364170610791565,479.5,284.5,480.5,251.5
27.397500903861957,480.5,284.5,480.5,251.5
27.430831196932346,481.5,284.5,480.5,251.5
27.464161490002738,482.5,283.5,480.5,250.5
27.49749178307313,483.5,283.5,481.5,250.5
27.530822076143522,484.5,283.5,481.5,250.5
27.564152369213915,485.5,282.5,481.5,249.5
27.597482662284307,486.5,282.5,481.5,249.5
27.630812955354696,487.5,281.5,482.5,249.5
27.664143248425088,488.5,281.5,482.5,249.5
27.69747354149548,489.5,280.5,482.5,248.5
27.730803834565872,490.5,280.5,482.5,248.5
27.764134127636265,491.5,279.5,482.5,247.5
27.797464420706657,492.5,279.5,483.5,247.5
27.83079471377705,492.5,278.5,483.5,247.5
27.864125006847438,493.5,278.5,483.5,246.5
27.89745529991783,493.5,278.5,483.5,246.5
27.930785592988222,493.5,278.5,483.5,246.5
27.964115886058615,493.5,278.5,483.5,246.5
27.997446179129007,494.5,277.5,483.5,246.5
28.0307764721994,494.5,277.5,483.5,246.5
28.064106765269788,494.5,277.5,484.5,246.5
28.09743705834018,495.5,277.5,484.5,246.5
28.130767351410572,495.5,276.5,484.5,245.5
28.164097644480965,496.5,276.5,484.5,245.5
28.197427937551357,497.5,275.5,484.5,245.5
28.23075823062175,497.5,275.5,484.5,245.5
28.264088523692138,498.5,274.5,485.5,244.5
28.29741881676253,498.5,274.5,485.5,244.5
28.330749109832922,499.5,273.5,485.5,244.5
28.364079402903315,500.5,273.5,485.5,243.5
28.397409695973707,500.5,272.5,485.5,243.5
28.4307399890441,501.5,272.5,485.5,243.5
28.464070282114488,502.5,271.5,485.5,242.5
28.49740057518488,502.5,270.5,485.5,242.5
28.530730868255272,503.5,270.5,486.5,242.5
28.564061161325665,503.5,269.5,486.5,241.5
28.597391454396057,504.5,268.5,486.5,241.5
28.63072174746645,505.5,268.5,486.5,240.5
28.664052040536838,505.5,267.5,486.5,240.5
28.69738233360723,506.5,266.5,486.5,239.5
28.730712626677622,507.5,265.5,486.5,239.5
28.764042919748015,507.5,264.5,486.5,238.5
28.797373212818407,508.5,263.5,486.5,238.5
28.8307035058888,508.5,262.5,486.5,237.5
28.864033798959188,509.5,261.5,486.5,237.5
28.89736409202958,509.5,260.5,487.5,236.5
28.930694385099972,510.5,259.5,486.5,236.5
28.964024678170365,510.5,258.5,486.5,235.5
28.997354971240757,510.5,258.5,486.5,236.5
29.03068526431115,511.5,258.5,487.5,235.5
29.064015557381538,511.5,258.5,486.5,235.5
29.09734585045193,511.5,257.5,486.5,235.5
29.130676143522322,512.5,256.5,487.5,235.5
29.164006436592715,512.5,256.5,487.5,234.5
29.197336729663107,512.5,255.5,487.5,234.5
29.2306670227335,513.5,255.5,487.5,234.5
29.263997315803888,513.5,254.5,487.5,234.5
29.29732760887428,513.5,253.5,487.5,233.5
29.330657901944672,513.5,252.5,487.5,233.5
29.363988195015065,514.5,251.5,487.5,233.5
29.397318488085457,514.5,251.5,487.5,232.5
29.43064878115585,514.5,250.5,487.5,232.5
29.463979074226238,515.5,249.5,487.5,232.5
29.49730936729663,515.5,248.5,487.5,231.5
29.530639660367022,515.5,247.5,487.5,231.5
29.563969953437415,516.5,246.5,486.5,230.5
29.597300246507807,516.5,245.5,486.5,230.5
29.6306305395782,516.5,244.5,486.5,229.5
29.663960832648588,516.5,243.5,486.5,229.5
29.69729112571898,516.5,242.5,486.5,229.5
29.730621418789372,516.5,240.5,486.5,228.5
29.763951711859765,517.5,239.5,486.5,228.5
29.797282004930157,517.5,238.5,486.5,227.5
29.83061229800055,517.5,237.5,485.5,226.5
29.863942591070938,516.5,236.5,485.5,226.5
29.89727288414133,516.5,234.5,485.5,225.5
29.930603177211722,516.5,233.5,484.5,225.5
29.963933470282115,516.5,232.5,484.5,225.5
29.997263763352507,516.5,231.5,484.5,224.5
30.0305940564229,516.5,230.5,484.5,223.5
30.063924349493288,516.5,229.5,483.5,223.5
30.09725464256368,516.5,229.5,483.5,223.5
30.130584935634072,516.5,228.5,483.5,223.5
30.163915228704465,516.5,228.5,483.5,223.5
30.197245521774857,516.5,227.5,483.5,223.5
30.23057581484525,516.5,226.5,483.5,222.5
30.263906107915638,516.5,226.5,483.5,222.5
30.29723640098603,516.5,225.5,483.5,222.5
30.330566694056422,516.5,224.5,483.5,221.5
30.363896987126815,516.5,224.5,483.5,221.5
30.397227280197207,515.5,223.5,483.5,221.5
30.4305575732676,515.5,222.5,482.5,220.5
30.463887866337988,515.5,221.5,482.5,220.5
30.49721815940838,515.5,220.5,482.5,220.5
30.530548452478772,515.5,218.5,482.5,219.5
30.563878745549165,514.5,218.5,481.5,219.5
30.597209038619557,514.5,217.5,481.5,219.5
30.63053933168995,514.5,215.5,481.5,218.5
30.66386962476034,514.5,215.5,481.5,218.5
30.69719991783073,513.5,214.5,480.5,218.5
30.730530210901122,513.5,212.5,480.5,218.5
30.763860503971515,513.5,211.5,480.5,217.5
30.797190797041907,512.5,210.5,480.5,217.5
30.8305210901123,512.5,209.5,480.5,217.5
30.86385138318269,511.5,208.5,479.5,216.5
30.89718167625308,511.5,207.5,479.5,216.5
30.930511969323472,510.5,206.5,479.5,216.5
30.963842262393865,510.5,205.5,479.5,216.5
30.997172555464257,509.5,204.5,478.5,215.5
31.03050284853465,509.5,204.5,478.5,215.5
31.06383314160504,508.5,203.5,478.5,215.5
31.09716343467543,508.5,201.5,477.5,215.5
31.130493727745822,507.5,201.5,477.5,215.5
31.163824020816214,507.5,200.5,477.5,214.5
31.197154313886607,507.5,200.5,477.5,215.5
31.230484606957,506.5,200.5,477.5,214.5
31.26381490002739,506.5,200.5,477.5,214.5
31.29714519309778,506.5,200.5,477.5,214.5
31.330475486168172,506.5,200.5,477.5,214.5
31.363805779238564,506.5,200.5,477.5,214.5
31.397136072308957,506.5,199.5,477.5,214.5
31.43046636537935,506.5,199.5,477.5,213.5
31.46379665844974,506.5,199.5,477.5,213.5
31.49712695152013,506.5,199.5,477.5,213.5
31.530457244590522,506.5,199.5,477.5,213.5
31.563787537660914,506.5,199.5,477.5,212.5
31.597117830731307,506.5,198.5,476.5,212.5
31.6304481238017,506.5,198.5,476.5,211.5
31.66377841687209,506.5,198.5,476.5,211.5
31.69710870994248,507.5,198.5,476.5,210.5
31.730439003012872,507.5,198.5,476.5,209.5
31.763769296083264,506.5,197.5,476.5,209.5
31.797099589153657,507.5,197.5,476.5,208.5
31.83042988222405,507.5,197.5,476.5,207.5
31.86376017529444,507.5,197.5,476.5,206.5
31.89709046836483,507.5,196.5,476.5,206.5
31.930420761435222,507.5,196.5,476.5,205.5
31.963751054505614,507.5,196.5,475.5,204.5
31.997081347576007,507.5,195.5,475.5,204.5
32.0304116406464,507.5,195.5,476.5,203.5
32.06374193371679,508.5,195.5,476.5,202.5
32.09707222678718,508.5,195.5,475.5,201.5
32.130402519857576,508.5,195.5,476.5,201.5
32.16373281292797,508.5,194.5,476.5,200.5
32.19706310599835,508.5,194.5,476.5,199.5
32.230393399068745,508.5,194.5,476.5,198.5
32.26372369213914,508.5,194.5,476.5,198.5
32.29705398520953,508.5,194.5,476.5,198.5
32.33038427827992,508.5,194.5,476.5,198.5
32.363714571350314,508.5,194.5,476.5,198.5
32.39704486442071,508.5,194.5,476.5,198.5
32.4303751574911,508.5,193.5,476.5,198.5
32.46370545056149,508.5,193.5,476.5,197.5
32.49703574363188,508.5,192.5,476.5,197.5
32.530366036702276,508.5,192.5,475.5,197.5
32.56369632977267,508.5,191.5,475.5,197.5
32.59702662284305,508.5,191.5,475.5,197.5
32.630356915913445,507.5,190.5,475.5,196.5
32.66368720898384,507.5,189.5,475.5,196.5
32.69701750205423,507.5,188.5,475.5,196.5
32.73034779512462,506.5,188.5,475.5,196.5
32.763678088195014,506.5,187.5,474.5,195.5
32.79700838126541,506.5,186.5,474.5,195.5
32.8303386743358,505.5,185.5,474.5,195.5
32.86366896740619,505.5,185.5,474.5,195.5
32.89699926047658,505.5,184.5,473.5,194.5
32.930329553546976,504.5,183.5,473.5,194.5
32.96365984661737,504.5,182.5,473.5,194.5
32.99699013968775,503.5,181.5,473.5,194.5
33.030320432758145,503.5,181.5,473.5,194.5
33.06365072582854,502.5,180.5,472.5,193.5
33.09698101889893,501.5,179.5,472.5,193.5
33.13031131196932,501.5,178.5,471.5,193.5
33.163641605039714,500.5,177.5,471.5,192.5
33.19697189811011,499.5,176.5,471.5,192.5
33.2303021911805,499.5,175.5,471.5,192.5
33.26363248425089,498.5,175.5,470.5,192.5
33.29696277732128,497.5,174.5,470.5,192.5
33.330293070391676,497.5,174.5,470.5,192.5
33.36362336346207,497.5,173.5,470.5,192.5
33.39695365653246,497.5,173.5,470.5,192.5
33.430283949602845,496.5,173.5,469.5,191.5
33.46361424267324,496.5,173.5,469.5,192.5
33.49694453574363,496.5,173.5,469.5,191.5
33.53027482881402,496.5,173.5,469.5,191.5
33.563605121884414,496.5,173.5,469.5,191.5
33.59693541495481,496.5,172.5,469.5,191.5
33.6302657080252,496.5,172.5,469.5,190.5
33.66359600109559,496.5,172.5,469.5,191.5
33.69692629416598,496.5,172.5,469.5,190.5
33.730256587236376,496.5,172.5,468.5,189.5
33.76358688030677,496.5,172.5,468.5,189.5
33.79691717337716,496.5,171.5,468.5,188.5
33.830247466447545,496.5,171.5,468.5,188.5
33.86357775951794,496.5,171.5,468.5,187.5
33.89690805258833,496.5,171.5,468.5,187.5
33.93023834565872,496.5,170.5,467.5,185.5
33.963568638729114,496.5,170.5,467.5,185.5
33.99689893179951,496.5,170.5,467.5,184.5
34.0302292248699,496.5,170.5,467.5,184.5
34.06355951794029,497.5,170.5,467.5,183.5
34.09688981101068,496.5,169.5,466.5,182.5
34.130220104081076,496.5,169.5,466.5,181.5
34.16355039715147,496.5,169.5,466.5,181.5
34.19688069022186,497.5,169.5,466.5,179.5
34.230210983292245,497.5,169.5,466.5,179.5
34.26354127636264,497.5,168.5,466.5,178.5
34.29687156943303,497.5,168.5,466.5,177.5
34.33020186250342,497.5,168.5,466.5,176.5
34.363532155573814,497.5,168.5,465.5,175.5
34.39686244864421,498.5,168.5,465.5,175.5
34.4301927417146,498.5,167.5,465.5,174.5
34.46352303478499,497.5,167.5,465.5,174.5
34.49685332785538,498.5,167.5,465.5,174.5
34.530183620925776,498.5,167.5,466.5,174.5
34.56351391399617,498.5,167.5,466.5,174.5
34.59684420706656,497.5,167.5,466.5,174.5
34.630174500136945,497.5,166.5,465.5,173.5
34.66350479320734,497.5,166.5,465.5,173.5
34.69683508627773,497.5,165.5,465.5,173.5
34.73016537934812,497.5,165.5,465.5,173.5
34.763495672418514,497.5,165.5,465.5,173.5
34.79682596548891,497.5,164.5,465.5,173.5
34.8301562585593,497.5,163.5,465.5,172.5
34.86348655162969,496.5,163.5,465.5,172.5
34.89681684470008,496.5,162.5,465.5,172.5
34.930147137770476,496.5,161.5,465.5,172.5
34.96347743084087,495.5,160.5,465.5,172.5
34.99680772391126,495.5,160.5,464.5,171.5
35.030138016981645,494.5,159.5,464.5,171.5
35.06346831005204,494.5,158.5,464.5,171.5
35.09679860312243,494.5,157.5,464.5,171.5
35.13012889619282,493.5,156.5,463.5,171.5
35.163459189263214,493.5,156.5,464.5,170.5
35.19678948233361,492.5,155.5,463.5,170.5
35.230119775404,492.5,154.5,463.5,170.5
35.26345006847439,491.5,153.5,463.5,170.5
35.29678036154478,491.5,153.5,463.5,170.5
35.330110654615176,490.5,152.5,462.5,169.5
35.36344094768557,489.5,151.5,462.5,169.5
35.39677124075596,488.5,150.5,462.5,169.5
35.430101533826345,488.5,149.5,462.5,169.5
35.46343182689674,487.5,148.5,461.5,168.5
35.49676211996713,486.5,148.5,461.5,168.5
35.53009241303752,486.5,147.5,461.5,168.5
35.563422706107914,486.5,147.5,461.5,168.5
35.59675299917831,486.5,147.5,461.5,168.5
35.6300832922487,485.5,146.5,461.5,168.5
35.66341358531909,485.5,146.5,461.5,168.5
35.69674387838948,484.5,145.5,460.5,167.5
35.730074171459876,484.5,145.5,460.5,167.5
35.76340446453027,484.5,145.5,460.5,167.5
35.79673475760066,483.5,144.5,460.5,168.5
35.830065050671045,483.5,144.5,460.5,167.5
35.86339534374144,482.5,143.5,460.5,167.5
35.89672563681183,481.5,142.5,460.5,167.5
35.93005592988222,481.5,142.5,460.5,167.5
35.963386222952614,480.5,141.5,459.5,166.5
35.99671651602301,479.5,141.5,459.5,166.5
36.0300468090934,479.5,140.5,459.5,167.5
36.06337710216379,478.5,140.5,459.5,166.5
36.09670739523418,477.5,139.5,458.5,166.5
36.130037688304576,476.5,139.5,458.5,166.5
36.16336798137497,475.5,138.5,458.5,166.5
36.19669827444536,474.5,138.5,458.5,166.5
36.23002856751575,473.5,137.5,457.5,165.5
36.26335886058614,472.5,137.5,457.5,166.5
36.29668915365653,471.5,136.5,457.5,166.5
36.33001944672692,470.5,136.5,456.5,165.5
36.363349739797314,469.5,136.5,456.5,165.5
36.39668003286771,468.5,135.5,456.5,166.5
36.4300103259381,468.5,135.5,455.5,165.5
36.46334061900849,466.5,134.5,455.5,165.5
36.49667091207888,465.5,134.5,455.5,165.5
36.530001205149276,464.5,134.5,455.5,165.5
36.56333149821967,463.5,134.5,454.5,165.5
36.59666179129006,463.5,134.5,454.5,165.5
36.62999208436045,462.5,134.5,454.5,165.5
36.66332237743084,462.5,134.5,454.5,165.5
36.69665267050123,462.5,133.5,454.5,165.5
36.72998296357162,461.5,133.5,454.5,165.5
36.763313256642014,461.5,133.5,454.5,165.5
36.79664354971241,461.5,133.5,454.5,165.5
36.8299738427828,461.5,133.5,454.5,165.5
36.86330413585319,461.5,133.5,453.5,164.5
36.89663442892358,461.5,133.5,453.5,165.5
36.929964721993976,461.5,133.5,453.5,164.5
36.96329501506437,461.5,133.5,453.5,164.5
36.99662530813476,461.5,133.5,453.5,164.5
37.02995560120515,461.5,133.5,452.5,164.5
37.06328589427554,461.5,133.5,452.5,164.5
37.09661618734593,461.5,132.5,451.5,163.5
37.12994648041632,461.5,132.5,451.5,163.5
37.163276773486714,461.5,132.5,451.5,163.5
37.19660706655711,460.5,132.5,450.5,162.5
37.2299373596275,460.5,131.5,450.5,162.5
37.26326765269789,460.5,131.5,449.5,162.5
37.29659794576828,460.5,131.5,449.5,162.5
37.329928238838676,460.5,131.5,448.5,161.5
37.36325853190907,460.5,130.5,448.5,161.5
37.39658882497946,460.5,130.5,447.5,160.5
37.42991911804985,460.5,130.5,447.5,160.5
37.46324941112024,459.5,129.5,447.5,159.5
37.49657970419063,459.5,129.5,445.5,158.5
37.52990999726102,460.5,129.5,445.5,158.5
37.563240290331414,459.5,128.5,444.5,157.5
37.59657058340181,459.5,128.5,444.5,156.5
37.6299008764722,459.5,128.5,443.5,156.5
37.66323116954259,459.5,127.5,443.5,155.5
37.69656146261298,459.5,127.5,442.5,155.5
37.729891755683376,459.5,127.5,442.5,155.5
37.76322204875377,459.5,127.5,442.5,155.5
37.79655234182416,459.5,127.5,442.5,155.5
37.82988263489455,459.5,127.5,442.5,154.5
37.86321292796494,459.5,127.5,442.5,155.5
37.89654322103533,459.5,127.5,441.5,154.5
37.92987351410572,459.5,127.5,441.5,154.5
37.963203807176114,459.5,126.5,441.5,154.5
37.99653410024651,459.5,126.5,440.5,153.5
38.0298643933169,459.5,126.5,440.5,153.5
38.06319468638729,458.5,126.5,440.5,152.5
38.09652497945768,458.5,125.5,440.5,152.5
38.129855272528076,458.5,125.5,439.5,152.5
38.16318556559847,459.5,125.5,439.5,151.5
38.19651585866886,458.5,125.5,439.5,151.5
38.22984615173925,459.5,124.5,438.5,150.5
38.26317644480964,459.5,124.5,438.5,150.5
38.29650673788003,458.5,124.5,438.5,150.5
38.32983703095042,458.5,124.5,437.5,149.5
38.363167324020814,458.5,123.5,437.5,148.5
38.39649761709121,458.5,123.5,437.5,148.5
38.4298279101616,458.5,123.5,436.5,147.5
38.46315820323199,458.5,122.5,436.5,147.5
38.49648849630238,458.5,122.5,436.5,146.5
38.529818789372776,458.5,122.5,436.5,146.5
38.56314908244317,458.5,122.5,435.5,145.5
38.59647937551356,458.5,121.5,435.5,144.5
38.62980966858395,458.5,121.5,435.5,144.5
38.66313996165434,458.5,121.5,434.5,143.5
38.69647025472473,458.5,120.5,434.5,142.5
38.72980054779512,458.5,120.5,433.5,141.5
38.763130840865514,458.5,120.5,434.5,141.5
38.79646113393591,458.5,120.5,433.5,140.5
38.8297914270063,458.5,120.5,433.5,140.5
38.86312172007669,458.5,120.5,433.5,140.5
38.89645201314708,458.5,119.5,433.5,140.5
38.929782306217476,458.5,119.5,433.5,140.5
38.96311259928787,458.5,119.5,433.5,140.5
38.99644289235826,458.5,119.5,433.5,140.5
39.02977318542865,458.5,119.5,433.5,140.5
39.063103478499045,458.5,119.5,433.5,140.5
39.09643377156943,458.5,119.5,433.5,140.5
39.12976406463982,457.5,118.5,433.5,139.5
39.163094357710214,457.5,118.5,433.5,140.5
39.19642465078061,457.5,117.5,432.5,139.5
39.229754943851,456.5,117.5,432.5,139.5
39.26308523692139,456.5,116.5,432.5,139.5
39.29641552999178,455.5,116.5,432.5,139.5
39.329745823062176,455.5,115.5,432.5,139.5
39.36307611613257,454.5,115.5,432.5,139.5
39.39640640920296,454.5,115.5,431.5,138.5
39.42973670227335,453.5,114.5,431.5,138.5
39.463066995343745,452.5,113.5,431.5,138.5
39.49639728841413,452.5,113.5,430.5,138.5
39.52972758148452,451.5,113.5,431.5,138.5
39.563057874554914,450.5,112.5,430.5,138.5
39.59638816762531,449.5,112.5,430.5,138.5
39.6297184606957,448.5,111.5,429.5,138.5
39.66304875376609,447.5,111.5,429.5,138.5
39.69637904683648,447.5,111.5,429.5,138.5
39.729709339906876,446.5,110.5,428.5,138.5
39.76303963297727,445.5,110.5,428.5,137.5
39.79636992604766,444.5,109.5,428.5,137.5
39.82970021911805,444.5,109.5,428.5,137.5
39.863030512188445,443.5,109.5,427.5,137.5
39.89636080525883,442.5,108.5,427.5,137.5
39.92969109832922,442.5,109.5,427.5,137.5
39.963021391399614,442.5,109.5,427.5,137.5
39.99635168447001,442.5,108.5,427.5,137.5
40.0296819775404,441.5,108.5,427.5,137.5
40.06301227061079,441.5,108.5,427.5,137.5
40.09634256368118,440.5,107.5,426.5,137.5
40.129672856751576,440.5,107.5,426.5,137.5
40.16300314982197,439.5,107.5,426.5,137.5
40.19633344289236,438.5,107.5,426.5,137.5
40.22966373596275,438.5,107.5,425.5,137.5
40.262994029033145,437.5,106.5,425.5,137.5
40.29632432210353,436.5,106.5,425.5,137.5
40.32965461517392,435.5,106.5,425.5,137.5
40.362984908244314,435.5,106.5,425.5,137.5
40.39631520131471,434.5,106.5,424.5,137.5
40.4296454943851,433.5,106.5,424.5,137.5
40.46297578745549,433.5,106.5,424.5,136.5
40.49630608052588,431.5,105.5,423.5,137.5
40.529636373596276,431.5,106.5,423.5,137.5
